batch_id,fecha_monitoreo,edad_cliente,capital_prestado,plazo_meses,puntaje_datacredito,huella_consulta,salario_cliente,total_otros_prestamos,cuota_pactada,cant_creditosvigentes,saldo_mora,saldo_principal,promedio_ingresos_datacredito,ratio_cuota_salario,tipo_laboral,tipo_credito,tendencia_ingresos_limpia,prob_no_pago,prediccion,prediccion_etiqueta
5,2026-09-24T20:11:02,40.0,7172394.977967097,5.0,835.0,1.0,22084437.84832858,903614.0,1032022.0,5.0,0.0,63968.0,1164107.0,0.05007394117759613,Empleado,4,Decreciente,0.19329855904764048,1,Paga a tiempo
5,2026-09-24T20:11:02,39.0,1607222.5885560587,11.0,697.0,4.0,3049867.61085368,59980.0,96086.0,10.0,0.0,82197.0,,0.05520512157684139,Empleado,7,Decreciente,0.4651908540394858,1,Paga a tiempo
5,2026-09-24T20:11:02,33.0,1864069.7626158507,11.0,834.0,5.0,3127263.4903431893,327139.0,145930.0,6.0,0.0,39899.0,1280595.0,0.06819200332251368,Independiente,9,,0.3099458544872995,1,Paga a tiempo
5,2026-09-24T20:11:02,45.0,2389763.4615601157,9.0,745.0,2.0,3882719.8995140647,1398266.0,205910.0,3.0,0.0,0.0,1128244.0,0.0653615825934393,Empleado,4,,0.3398508117653336,1,Paga a tiempo
5,2026-09-24T20:11:02,46.0,1125797.975720049,12.0,783.0,3.0,9284139.317062037,4990642.0,129163.0,8.0,0.0,188244.0,8478532.0,0.012627834515392143,Empleado,9,Decreciente,0.09486981188728649,1,Paga a tiempo
5,2026-09-24T20:11:02,57.0,1398632.2185178348,11.0,768.0,8.0,4664793.233451617,39943.0,89708.0,7.0,0.0,47244.0,1370037.0,0.03561188854041949,Independiente,4,Creciente,0.44805243798946415,1,Paga a tiempo
5,2026-09-24T20:11:02,29.0,1508068.0871401397,13.0,691.0,5.0,2051944.9789187545,884835.0,147243.0,6.0,0.0,12401.0,1113276.0,0.09028977896460168,Independiente,4,Creciente,0.5379887018219318,0,No paga a tiempo
5,2026-09-24T20:11:02,20.0,2406633.223959041,11.0,740.0,-0.0,2002563.8982686014,766667.0,203866.0,1.0,0.0,1892.0,,0.13013371246224592,Empleado,4,Decreciente,0.4063070806858172,1,Paga a tiempo
5,2026-09-24T20:11:02,56.0,1996074.701139847,6.0,813.0,3.0,6017986.502775826,1056982.0,298790.0,5.0,0.0,0.0,5698983.0,0.07382365579372038,Independiente,4,,0.4888221815350917,1,Paga a tiempo
5,2026-09-24T20:11:02,38.0,3235363.8178890385,9.0,647.0,4.0,5136465.375715636,2413111.0,341439.0,5.0,0.0,102626.0,,0.07091233885999129,Independiente,4,,0.5497134453919799,0,No paga a tiempo
5,2026-09-24T20:11:02,68.0,4695964.714944779,13.0,814.0,0.0,3206506.315098255,795258.0,366306.0,4.0,0.0,31838.0,1039989.0,0.1752358673224734,Independiente,4,Creciente,0.3319224635053143,1,Paga a tiempo
5,2026-09-24T20:11:02,47.0,4505900.456942732,13.0,779.0,10.0,6966440.056373813,1091995.0,381274.0,3.0,0.0,5722.0,1073625.0,0.06367351565229849,Empleado,10,Decreciente,0.6639254940356695,0,No paga a tiempo
5,2026-09-24T20:11:02,38.0,1220853.4264339635,1.0,739.0,10.0,5552586.873268643,2110215.0,319717.0,9.0,0.0,113345.0,959999.0,0.06387699703849764,Independiente,7,Decreciente,0.6365456768046559,0,No paga a tiempo
5,2026-09-24T20:11:02,47.0,1365037.014127974,2.0,727.0,10.0,5694687.397656109,2112253.0,517305.0,5.0,0.0,79398.0,1367139.0,0.0859458077669997,Empleado,4,Creciente,0.7077942449233531,0,No paga a tiempo
5,2026-09-24T20:11:02,30.0,1521534.1618334926,12.0,710.0,7.0,4031283.423509374,1208818.0,89802.0,9.0,0.0,60031.0,982605.0,0.04033490258378896,Empleado,4,Estable,0.5022613531485325,0,No paga a tiempo
5,2026-09-24T20:11:02,45.0,817627.4912957377,6.0,723.0,7.0,3653507.381745924,885008.0,48969.0,9.0,0.0,10365.0,0.0,0.03352700982133554,Empleado,10,Estable,0.6286306963193409,0,No paga a tiempo
5,2026-09-24T20:11:02,41.0,1950376.3014705253,12.0,821.0,5.0,2651353.0556166032,212927.0,209828.0,3.0,0.0,0.0,1970738.0,0.10274085006881022,Empleado,9,Creciente,0.2879710976285479,1,Paga a tiempo
5,2026-09-24T20:11:02,52.0,2361669.631396193,10.0,773.0,4.0,3443451.9664096725,1050840.0,228730.0,4.0,0.0,0.0,,0.07039505076030933,Independiente,4,Decreciente,0.3697175136141376,1,Paga a tiempo
5,2026-09-24T20:11:02,28.0,3368218.843300528,12.0,685.0,6.0,4880618.67859911,2114517.0,223819.0,5.0,0.0,9334.0,1364126.0,0.07103829162199948,Empleado,4,Creciente,0.5489107089486059,0,No paga a tiempo
5,2026-09-24T20:11:02,32.0,1432623.0462088734,10.0,800.0,0.0,2135297.0917071765,262770.0,144437.0,1.0,0.0,17522.0,1493641.0,0.08217001011979082,Independiente,68,Decreciente,0.534241175772973,0,No paga a tiempo
5,2026-09-24T20:11:02,44.0,2048113.748046089,7.0,677.0,8.0,2903783.966155392,398852.0,238836.0,5.0,0.0,6913.0,,0.10516135649440252,Independiente,4,,0.6304723821136615,0,No paga a tiempo
5,2026-09-24T20:11:02,33.0,7912687.132257716,12.0,856.0,8.0,5382860.113097274,571230.0,640631.0,8.0,0.0,86918.0,1016002.0,0.1408981951713719,Independiente,9,Creciente,0.45732678168944463,1,Paga a tiempo
5,2026-09-24T20:11:02,53.0,4259085.005277962,2.0,864.0,1.0,5537605.160376216,1282893.0,1646800.0,9.0,0.0,24321.0,,0.33585987829878367,Independiente,9,Estable,0.10357190581300413,1,Paga a tiempo
5,2026-09-24T20:11:02,45.0,3060225.0487709567,11.0,763.0,3.0,4156149.2526765005,1336399.0,229561.0,3.0,0.0,43057.0,781143.0,0.08498052389413265,Independiente,9,Creciente,0.36599708568853595,1,Paga a tiempo
5,2026-09-24T20:11:02,32.0,152760.37597193097,5.0,715.0,9.0,2863429.1417957027,293818.0,79898.0,9.0,0.0,3770.0,1910497.0,0.032693972908900325,Independiente,9,Creciente,0.4766652555609455,1,Paga a tiempo
5,2026-09-24T20:11:02,25.0,3092215.143577169,25.0,694.0,11.0,2781076.7718390888,37247.0,121442.0,2.0,0.0,740.0,1151472.0,0.07158914432456143,Empleado,4,Creciente,0.7742475703935907,0,No paga a tiempo
5,2026-09-24T20:11:02,37.0,875062.8589124534,7.0,709.0,9.0,5350900.123969353,2878508.0,72513.0,9.0,0.0,213502.0,5298306.0,0.020926633312785457,Empleado,4,,0.3734806342499991,1,Paga a tiempo
5,2026-09-24T20:11:02,40.0,3030211.9116194714,6.0,809.0,6.0,5967843.690396365,1975347.0,498603.0,9.0,0.0,60474.0,1096274.0,0.08466293408678788,Empleado,4,Estable,0.46268146118511655,1,Paga a tiempo
5,2026-09-24T20:11:02,29.0,2087182.0197180023,6.0,729.0,2.0,2666276.097721704,73376.0,321364.0,4.0,0.0,1314.0,,0.18985293643476203,Independiente,4,Estable,0.5932183041870724,0,No paga a tiempo
5,2026-09-24T20:11:02,35.0,2810789.3763526226,12.0,742.0,3.0,2275727.816120445,0.0,224160.0,5.0,0.0,9938.0,749146.0,0.17781904135559382,Empleado,10,Estable,0.3339214244713774,1,Paga a tiempo
5,2026-09-24T20:11:02,61.0,492369.9924505037,6.0,764.0,6.0,2177265.3678907976,1062110.0,67505.0,3.0,0.0,2455.0,,0.03073202476521493,Empleado,9,Decreciente,0.526491910513736,0,No paga a tiempo
5,2026-09-24T20:11:02,36.0,682022.7140681022,10.0,804.0,7.0,10567591.408040486,2106219.0,83489.0,4.0,0.0,5401.0,1627044.0,0.0006966155131630262,Independiente,4,Decreciente,0.3441372384578064,1,Paga a tiempo
5,2026-09-24T20:11:02,61.0,7183645.116359012,5.0,802.0,3.0,22715955.04198355,20020815.0,1062125.0,19.0,0.0,221901.0,23638593.0,0.0488724726540772,Empleado,10,Decreciente,0.36210158109203183,1,Paga a tiempo
5,2026-09-24T20:11:02,60.0,628079.1004626838,7.0,711.0,2.0,1484993.9706128412,263096.0,107160.0,7.0,0.0,106001.0,985332.0,0.10252923594377567,Independiente,4,Creciente,0.15781649474486525,1,Paga a tiempo
5,2026-09-24T20:11:02,29.0,1965160.7099789057,8.0,755.0,4.0,4845413.559473052,1943123.0,161531.0,5.0,0.0,10202.0,1454762.0,0.045830056412352556,Empleado,4,Estable,0.46275070654687656,1,Paga a tiempo
5,2026-09-24T20:11:02,50.0,2360651.1261872454,23.0,740.0,7.0,3120951.939457262,0.0,120430.0,12.0,0.0,10789.0,1665848.0,0.050590818825814544,Empleado,4,Decreciente,0.7385097866413688,0,No paga a tiempo
5,2026-09-24T20:11:02,41.0,2905291.3654751354,5.0,671.0,4.0,2117997.8871256765,1042038.0,408639.0,7.0,0.0,42588.0,900415.0,0.33338850452543345,Independiente,4,Estable,0.36979895248282,1,Paga a tiempo
5,2026-09-24T20:11:02,28.0,1016101.0427565937,10.0,803.0,5.0,2478558.0665851547,0.0,82791.0,2.0,0.0,0.0,1145454.0,0.03146272320793967,Empleado,4,Decreciente,0.41138535978558144,1,Paga a tiempo
5,2026-09-24T20:11:02,42.0,3474450.4546826533,4.0,742.0,9.0,5756939.112366419,1822053.0,544274.0,15.0,0.0,145936.0,1010852.0,0.10631911809018252,Independiente,9,Creciente,0.6305832123691981,0,No paga a tiempo
5,2026-09-24T20:11:02,39.0,6120441.90770215,3.0,780.0,4.0,6218507.638525705,835754.0,1598284.0,10.0,0.0,3176.0,2926592.0,0.3014940471854785,Empleado,68,,0.07923582567194831,1,Paga a tiempo
5,2026-09-24T20:11:02,48.0,3172828.9802710335,8.0,810.0,3.0,4358774.956760942,2370851.0,305331.0,3.0,0.0,0.0,3731129.0,0.0801158942643388,Independiente,10,,0.3940955347918258,1,Paga a tiempo
5,2026-09-24T20:11:02,28.0,1907062.6889866607,13.0,754.0,3.0,3390667.336509946,942766.0,129513.0,5.0,0.0,10489.0,1669174.0,0.06209360356996486,Empleado,9,Creciente,0.3354650166867401,1,Paga a tiempo
5,2026-09-24T20:11:02,25.0,1159725.5750882616,10.0,750.0,2.0,4532041.682967499,2792676.0,85495.0,1.0,0.0,11803.0,1101496.0,0.037233854004190235,Independiente,10,Creciente,0.5724521010997979,0,No paga a tiempo
5,2026-09-24T20:11:02,52.0,2667109.8363600313,24.0,812.0,5.0,2424168.8926182464,911995.0,126607.0,10.0,0.0,33208.0,,0.04978800150591927,Empleado,4,Creciente,0.37751649279494603,1,Paga a tiempo
5,2026-09-24T20:11:02,63.0,2638977.1519675385,6.0,794.0,1.0,4118180.595849342,127742.0,408476.0,6.0,0.0,37473.0,,0.13900042718623307,Empleado,68,,0.41099206425873847,1,Paga a tiempo
5,2026-09-24T20:11:02,57.0,2228118.581714246,11.0,821.0,3.0,2796250.6216235044,501036.0,177170.0,2.0,0.0,0.0,903615.0,0.0922425499672903,Independiente,10,Creciente,0.27355026420572315,1,Paga a tiempo
5,2026-09-24T20:11:02,58.0,7956817.369683263,7.0,790.0,8.0,12232062.29773829,5048657.0,1150514.0,16.0,0.0,138529.0,,0.11764257009362789,Empleado,6,Decreciente,0.29715280400951805,1,Paga a tiempo
5,2026-09-24T20:11:02,40.0,8513304.285288822,36.0,785.0,3.0,2896391.5312835397,0.0,280417.0,5.0,0.0,41092.0,,0.12554136717052847,Empleado,9,Creciente,0.6834718274385803,0,No paga a tiempo
5,2026-09-24T20:11:02,63.0,2634647.248701978,12.0,766.0,3.0,3496960.7929780334,992322.0,226551.0,9.0,0.0,38658.0,,0.0827296893867757,Independiente,4,Creciente,0.26491719763475385,1,Paga a tiempo
5,2026-09-24T20:11:02,60.0,1077538.098550358,13.0,728.0,2.0,1539814.724016427,424488.0,95163.0,7.0,0.0,17214.0,1051281.0,0.061893890360956855,Independiente,4,Estable,0.2279061467161122,1,Paga a tiempo
5,2026-09-24T20:11:02,24.0,4547945.377935977,25.0,685.0,7.0,3690465.9826665805,33112.0,132050.0,9.0,0.0,25308.0,1839647.0,0.04583894564127257,Empleado,10,Decreciente,0.6688031732033615,0,No paga a tiempo
5,2026-09-24T20:11:02,25.0,1516849.1552620882,14.0,741.0,4.0,3826807.440614739,1064796.0,88006.0,3.0,0.0,9234.0,186805.0,0.04018356615714368,Independiente,10,Decreciente,0.6314751325605212,0,No paga a tiempo
5,2026-09-24T20:11:02,27.0,2767387.456735205,9.0,720.0,3.0,3585678.3525261893,948614.0,263128.0,6.0,0.0,5856.0,,0.08401151648565545,Empleado,4,,0.551995260660837,0,No paga a tiempo
5,2026-09-24T20:11:02,35.0,5320132.475413988,10.0,795.0,11.0,11916703.947319439,5122771.0,466511.0,6.0,0.0,249144.0,3151073.0,0.045703273338455114,Empleado,4,Creciente,0.3053521645549063,1,Paga a tiempo
5,2026-09-24T20:11:02,29.0,1117308.2389879464,6.0,733.0,1.0,2944947.630797337,957375.0,143807.0,2.0,0.0,0.0,2427201.0,0.0633955562786498,Independiente,9,Creciente,0.393327179021286,1,Paga a tiempo
5,2026-09-24T20:11:02,51.0,2333742.373512014,10.0,782.0,1.0,4249491.531197529,1035728.0,175244.0,1.0,0.0,0.0,820874.0,0.07002052312254327,Empleado,4,,0.39117807914440395,1,Paga a tiempo
5,2026-09-24T20:11:02,33.0,2013639.1136917472,12.0,718.0,6.0,3572657.4029530776,68567.0,144614.0,4.0,0.0,68826.0,1833859.0,0.04787635218688622,Empleado,68,Decreciente,0.5086228445157606,0,No paga a tiempo
5,2026-09-24T20:11:02,58.0,1061145.4478068596,1.0,771.0,-0.0,5036837.9189294465,1890271.0,435619.0,4.0,0.0,14154.0,,0.11014896208132176,Empleado,6,Decreciente,0.3083530428954333,1,Paga a tiempo
5,2026-09-24T20:11:02,40.0,1533321.6998632038,11.0,731.0,2.0,3845522.9857845204,1483464.0,114845.0,1.0,0.0,37.0,1089204.0,0.04036856884481462,Independiente,4,Creciente,0.32407107876963226,1,Paga a tiempo
5,2026-09-24T20:11:02,30.0,1777905.948597523,9.0,680.0,5.0,3846535.262512649,871960.0,160906.0,5.0,0.0,40805.0,2887638.0,0.043225727845779174,Independiente,9,,0.6139200002856853,0,No paga a tiempo
5,2026-09-24T20:11:02,38.0,7372158.591469678,11.0,809.0,6.0,9453617.263474252,2834914.0,515491.0,10.0,0.0,17285.0,919808.0,0.06341549416654389,Independiente,10,Decreciente,0.5855403963618899,0,No paga a tiempo
5,2026-09-24T20:11:02,32.0,4738317.007240156,24.0,681.0,4.0,3228851.9174507493,644836.0,195205.0,6.0,0.0,25875.0,2270475.0,0.10429699204891338,Empleado,6,,0.5899613807647686,0,No paga a tiempo
5,2026-09-24T20:11:02,,3609417.9233156173,10.0,,0.0,14850185.722304897,13981531.0,352622.0,0.0,,,,0.021688491403730588,Independiente,6,Creciente,0.6130467005779273,0,No paga a tiempo
5,2026-09-24T20:11:02,46.0,2143978.9094893956,6.0,726.0,5.0,4836876.009950161,1784177.0,301980.0,3.0,0.0,39425.0,,0.07329699061192535,Independiente,4,Decreciente,0.603412348234347,0,No paga a tiempo
5,2026-09-24T20:11:02,49.0,850384.6757191903,9.0,797.0,4.0,2325370.6397958267,631364.0,93893.0,4.0,0.0,62806.0,679513.0,0.05109297832128925,Independiente,4,,0.4904630118735591,1,Paga a tiempo
5,2026-09-24T20:11:02,27.0,577284.2780098703,12.0,771.0,8.0,3190165.3106961916,783541.0,22012.0,2.0,0.0,4928.0,262258.0,0.020897146216487063,Empleado,4,,0.5406747180350262,0,No paga a tiempo
5,2026-09-24T20:11:02,50.0,1472045.7593219632,6.0,790.0,6.0,4196494.13191575,1629544.0,252328.0,4.0,0.0,1971.0,,0.06762623463742337,Independiente,4,Creciente,0.42947270366593104,1,Paga a tiempo
5,2026-09-24T20:11:02,43.0,2889963.106685653,7.0,721.0,4.0,6497894.318082807,1653344.0,439292.0,7.0,0.0,18053.0,60213.0,0.09322906735376743,Independiente,4,Creciente,0.6661011496272993,0,No paga a tiempo
5,2026-09-24T20:11:02,53.0,3375232.7770032,19.0,815.0,-0.0,6358396.012556727,571959.0,201142.0,2.0,0.0,4317.0,,0.026413351168865257,Empleado,9,,0.4699670981617342,1,Paga a tiempo
5,2026-09-24T20:11:02,25.0,2790637.1027750503,12.0,822.0,2.0,2304616.372020239,532495.0,221861.0,3.0,0.0,8187.0,1278377.0,0.11482259768754385,Independiente,9,,0.2177010410907788,1,Paga a tiempo
5,2026-09-24T20:11:02,36.0,2795747.607910823,18.0,759.0,-0.0,2689534.0921883057,105199.0,147525.0,0.0,0.0,0.0,,0.08531697947610932,Independiente,9,Creciente,0.46528694362060175,1,Paga a tiempo
5,2026-09-24T20:11:02,52.0,629391.6048250499,9.0,770.0,8.0,3101205.042602624,250503.0,107415.0,6.0,0.0,0.0,1020988.0,0.060273115504496336,Independiente,4,Creciente,0.3283511742679105,1,Paga a tiempo
5,2026-09-24T20:11:02,33.0,2554819.2737104483,12.0,792.0,2.0,7300508.686686049,1376170.0,169138.0,8.0,0.0,4744.0,4972324.0,0.021133049685751002,Empleado,4,,0.16918275494414592,1,Paga a tiempo
5,2026-09-24T20:11:02,30.0,3111396.707316859,24.0,773.0,2.0,3209117.1318064868,460977.0,157441.0,8.0,0.0,18343.0,2505396.0,0.0395166112662924,Empleado,4,Creciente,0.22658862730487772,1,Paga a tiempo
5,2026-09-24T20:11:02,61.0,2976962.7004107395,23.0,767.0,3.0,4871474.922009174,1431003.0,126904.0,10.0,0.0,11563.0,,0.03552909047947897,Empleado,6,Creciente,0.3253738920410423,1,Paga a tiempo
5,2026-09-24T20:11:02,59.0,4215242.834795435,12.0,702.0,3.0,1975665.0153883141,171056.0,304316.0,10.0,0.0,1602.0,1548062.0,0.2215517871576649,Independiente,9,,0.519930352993808,0,No paga a tiempo
5,2026-09-24T20:11:02,50.0,2011517.2413290732,7.0,796.0,5.0,8639716.670056969,2159141.0,300882.0,8.0,0.0,89348.0,4539746.0,0.042189357084303054,Independiente,4,,0.45457516469661263,1,Paga a tiempo
5,2026-09-24T20:11:02,62.0,1351560.531793111,7.0,832.0,1.0,4389564.251976941,877764.0,161769.0,4.0,0.0,5903.0,768479.0,0.04161729708778574,Empleado,4,Decreciente,0.24528113284173758,1,Paga a tiempo
5,2026-09-24T20:11:02,69.0,1557946.579928935,7.0,738.0,3.0,4879253.4823377635,2430217.0,155142.0,4.0,0.0,6251.0,,0.041813227366708464,Empleado,4,Creciente,0.36844086303960577,1,Paga a tiempo
5,2026-09-24T20:11:02,37.0,1756642.6864780213,10.0,786.0,5.0,3538757.2998233195,1162378.0,132555.0,19.0,0.0,77517.0,,0.05307879131469355,Independiente,9,Creciente,0.4005616940683616,1,Paga a tiempo
5,2026-09-24T20:11:02,68.0,691937.5665963156,10.0,738.0,12.0,8153987.0686994335,7254982.0,78031.0,10.0,0.0,56244.0,1212338.0,0.0029996800245000524,Independiente,9,,0.3798054847216308,1,Paga a tiempo
5,2026-09-24T20:11:02,54.0,1587779.1717715687,13.0,731.0,3.0,4430521.090446545,401259.0,134079.0,5.0,0.0,3143.0,,0.028407133456999235,Empleado,6,,0.4250972839547478,1,Paga a tiempo
5,2026-09-24T20:11:02,30.0,1900300.8684360334,7.0,721.0,4.0,3125435.6122991787,168490.0,268589.0,1.0,0.0,5304.0,3808779.0,0.11461995782768152,Independiente,4,,0.42985859620053035,1,Paga a tiempo
5,2026-09-24T20:11:02,,4431323.982214281,10.0,,0.0,22843437.47975739,7511544.0,436433.0,-0.0,,,,0.01865035742774659,Empleado,4,Creciente,0.4807148093616367,1,Paga a tiempo
5,2026-09-24T20:11:02,27.0,2019704.3983115621,11.0,740.0,12.0,3898461.173213609,1047163.0,153319.0,9.0,0.0,14811.0,579165.0,0.049470791892330224,Empleado,7,Decreciente,0.4751176382667074,1,Paga a tiempo
5,2026-09-24T20:11:02,21.0,1482813.1417722171,5.0,714.0,9.0,1691518.7455786765,275538.0,289943.0,4.0,0.0,9627.0,1085070.0,0.24783607416437828,Independiente,9,Decreciente,0.6049541739148883,0,No paga a tiempo
5,2026-09-24T20:11:02,27.0,1499468.3903658907,11.0,670.0,5.0,4429307.914885765,1996361.0,137088.0,2.0,0.0,2918.0,797017.0,0.02985024681559354,Empleado,6,Estable,0.5772671980223527,0,No paga a tiempo
5,2026-09-24T20:11:02,24.0,787354.7490518698,2.0,659.0,7.0,5648108.172549023,2159543.0,333685.0,4.0,0.0,1783.0,2383945.0,0.06823992559416785,Independiente,4,Creciente,0.6455139540389057,0,No paga a tiempo
5,2026-09-24T20:11:02,29.0,2507744.765813779,7.0,825.0,3.0,2276814.2593477885,279406.0,355460.0,5.0,0.0,27098.0,1304200.0,0.16707357521239694,Independiente,9,Creciente,0.4095434777325587,1,Paga a tiempo
5,2026-09-24T20:11:02,29.0,556551.5441787671,6.0,733.0,4.0,2009367.6122242738,1022184.0,110772.0,8.0,0.0,6243.0,1420373.0,0.06653155625239734,Empleado,9,,0.4805743409413281,1,Paga a tiempo
5,2026-09-24T20:11:02,32.0,1364325.170149895,10.0,792.0,3.0,3146412.5408028867,1906652.0,94163.0,6.0,0.0,91138.0,2423239.0,0.04874413101814673,Empleado,10,,0.3086965743974368,1,Paga a tiempo
5,2026-09-24T20:11:02,28.0,4573584.212101057,3.0,801.0,7.0,11201649.979312187,2377168.0,1198862.0,8.0,0.0,195978.0,,0.11590011205195497,Independiente,4,Creciente,0.446247450638933,1,Paga a tiempo
5,2026-09-24T20:11:02,62.0,1022968.2328621477,9.0,772.0,1.0,4707646.432639202,1922581.0,100064.0,0.0,0.0,,,0.024761175414741324,Empleado,7,Creciente,0.41566934538787337,1,Paga a tiempo
5,2026-09-24T20:11:02,24.0,804643.4397558469,6.0,642.0,2.0,2571695.2108048224,1475375.0,137938.0,11.0,0.0,4397.0,354649.0,0.08505944942181301,Independiente,9,Creciente,0.5466077444892585,0,No paga a tiempo
5,2026-09-24T20:11:02,35.0,933072.6618863132,6.0,826.0,4.0,1788833.8792686851,428574.0,112363.0,-0.0,0.0,,,0.1290640148951473,Empleado,9,,0.4100263475123578,1,Paga a tiempo
5,2026-09-24T20:11:02,31.0,1595270.5235106954,13.0,727.0,10.0,2537311.178068738,797305.0,160924.0,5.0,0.0,32444.0,,0.0810723021128637,Independiente,4,,0.6681891661519936,0,No paga a tiempo
5,2026-09-24T20:11:02,41.0,3398494.8094709706,9.0,843.0,2.0,5572766.759947012,3478340.0,299880.0,7.0,0.0,30057.0,4353151.0,0.06795109248951672,Empleado,6,Creciente,0.19345532314561276,1,Paga a tiempo
5,2026-09-24T20:11:02,62.0,1321082.3738900817,8.0,793.0,3.0,5044569.897301331,963537.0,108017.0,9.0,0.0,18093.0,3345477.0,0.02831606275925505,Empleado,9,Creciente,0.2607559263996233,1,Paga a tiempo
5,2026-09-24T20:11:02,24.0,3875806.8290808643,13.0,677.0,7.0,4669142.027999696,2207564.0,278231.0,8.0,0.0,11704.0,,0.07766627205911741,Independiente,10,Estable,0.6196264842485755,0,No paga a tiempo
5,2026-09-24T20:11:02,38.0,6917573.748980653,7.0,762.0,2.0,11235612.030751674,12849217.0,760493.0,12.0,0.0,129882.0,618051.0,0.09060029857135898,Independiente,10,Creciente,0.5244884439160825,0,No paga a tiempo
5,2026-09-24T20:11:02,32.0,2500576.6068141246,7.0,728.0,4.0,2904780.906106443,130435.0,397929.0,1.0,0.0,12558.0,1108393.0,0.17355728073767557,Independiente,10,,0.6406517810616996,0,No paga a tiempo
5,2026-09-24T20:11:02,46.0,902283.7649237001,10.0,797.0,5.0,4756071.65684976,1323943.0,115850.0,6.0,0.0,9280.0,,0.03292294280545415,Empleado,68,,0.3757956653986806,1,Paga a tiempo
5,2026-09-24T20:11:02,52.0,2637639.750453905,13.0,762.0,3.0,8183504.987216378,3837155.0,191859.0,6.0,0.0,62761.0,,0.0277024794937942,Independiente,4,Creciente,0.35727979993091696,1,Paga a tiempo
5,2026-09-24T20:11:02,41.0,5017504.589803744,10.0,740.0,4.0,5434352.632192225,1592436.0,504178.0,5.0,0.0,0.0,1079208.0,0.11104051319025815,Empleado,4,Creciente,0.5582838600178424,0,No paga a tiempo
5,2026-09-24T20:11:02,41.0,2182910.7437303327,23.0,765.0,3.0,2397439.701542871,665997.0,72223.0,2.0,0.0,0.0,,0.06607139753555484,Empleado,10,Creciente,0.2774990420318969,1,Paga a tiempo
5,2026-09-24T20:11:02,55.0,3244923.4982929253,6.0,835.0,3.0,6979277.646490385,3378898.0,452619.0,3.0,0.0,131374.0,2424622.0,0.0791023110750878,Empleado,68,,0.3555533682600466,1,Paga a tiempo
5,2026-09-24T20:11:02,35.0,2380659.6115337545,7.0,800.0,13.0,4002365.033134677,0.0,363841.0,7.0,0.0,25800.0,,0.13014442054958447,Empleado,68,Creciente,0.39706396546695144,1,Paga a tiempo
5,2026-09-24T20:11:02,31.0,804925.6296383884,24.0,779.0,3.0,1910994.1120744902,578191.0,50372.0,2.0,0.0,5892.0,1251599.0,0.03548971842210674,Independiente,9,Creciente,0.49131148882304554,1,Paga a tiempo
5,2026-09-24T20:11:02,39.0,3050051.6432855474,6.0,791.0,2.0,3494175.1791411852,987153.0,438157.0,10.0,0.0,104634.0,678578.0,0.15684820739112865,Independiente,4,Creciente,0.41039082628904344,1,Paga a tiempo
5,2026-09-24T20:11:02,37.0,3611100.73641507,12.0,809.0,9.0,2968827.4879305284,0.0,282326.0,4.0,0.0,5196.0,2058247.0,0.13082486686487516,Independiente,4,Creciente,0.34380936684792784,1,Paga a tiempo
5,2026-09-24T20:11:02,25.0,2262655.448209047,10.0,654.0,3.0,3874432.0949923377,806498.0,182111.0,3.0,0.0,1056.0,,0.07487774875785563,Empleado,4,Decreciente,0.7116141842338555,0,No paga a tiempo
5,2026-09-24T20:11:02,57.0,1290498.4484333226,4.0,809.0,6.0,6352989.241649059,2005554.0,310276.0,9.0,0.0,58054.0,908428.0,0.054877836558960835,Independiente,68,Creciente,0.5735477603097283,0,No paga a tiempo
5,2026-09-24T20:11:02,31.0,1255768.8153518578,3.0,679.0,0.0,6210800.155055558,2166284.0,558543.0,6.0,0.0,117413.0,,0.10170428333783252,Empleado,4,Decreciente,0.5557199797584194,0,No paga a tiempo
5,2026-09-24T20:11:02,40.0,3644691.3446098133,6.0,712.0,2.0,4104414.666846335,2821579.0,526220.0,8.0,0.0,19899.0,,0.18781267480370853,Independiente,9,Creciente,0.40901321250210654,1,Paga a tiempo
5,2026-09-24T20:11:02,38.0,3935506.8566961763,9.0,775.0,5.0,3749790.5370228295,662757.0,339199.0,8.0,0.0,24665.0,1334681.0,0.11982653967818976,Empleado,6,,0.4436585520437506,1,Paga a tiempo
5,2026-09-24T20:11:02,37.0,1682738.7737424984,6.0,745.0,4.0,2509634.456663213,673708.0,258482.0,7.0,0.0,10585.0,1032189.0,0.13755518034871841,Empleado,4,Creciente,0.3677587642178708,1,Paga a tiempo
5,2026-09-24T20:11:02,34.0,378528.37961010827,6.0,757.0,4.0,1369956.1477712407,689861.0,72781.0,7.0,0.0,33474.0,752547.0,0.11624483978808098,Empleado,7,Decreciente,0.23102521450953462,1,Paga a tiempo
5,2026-09-24T20:11:02,58.0,1830796.583921301,10.0,838.0,2.0,5317058.011540327,2049040.0,153991.0,3.0,0.0,6710.0,1114140.0,0.033180435605957743,Independiente,4,Creciente,0.24012695107687,1,Paga a tiempo
5,2026-09-24T20:11:02,51.0,3109835.431014559,6.0,741.0,2.0,4212742.984408792,341842.0,451896.0,2.0,0.0,7432.0,,0.16498403978077958,Empleado,7,Creciente,0.4783242606101318,1,Paga a tiempo
5,2026-09-24T20:11:02,40.0,2905586.7138290666,14.0,802.0,5.0,3721088.6508021667,1151065.0,213191.0,6.0,0.0,15815.0,917496.0,0.07483627811830995,Empleado,4,Creciente,0.3500846849265111,1,Paga a tiempo
5,2026-09-24T20:11:02,34.0,1693317.424255684,6.0,729.0,3.0,4572327.918686273,1200494.0,215353.0,5.0,0.0,35157.0,1664233.0,0.05696771664981388,Independiente,7,Creciente,0.46040628187684773,1,Paga a tiempo
5,2026-09-24T20:11:02,36.0,7252959.685199942,13.0,773.0,4.0,6936274.140980038,2945605.0,557006.0,10.0,0.0,8894.0,,0.0834031076330328,Empleado,9,Estable,0.5491410791344717,0,No paga a tiempo
5,2026-09-24T20:11:02,58.0,7163105.300904819,12.0,775.0,1.0,10267435.652925113,1480215.0,569438.0,2.0,0.0,0.0,,0.05974034030750005,Empleado,9,Decreciente,0.4933498509991562,1,Paga a tiempo
5,2026-09-24T20:11:02,64.0,4574767.236141549,7.0,849.0,2.0,3787497.1270131813,1328587.0,715600.0,2.0,0.0,4101.0,1394475.0,0.23874121358345538,Empleado,10,,0.4658881560019308,1,Paga a tiempo
5,2026-09-24T20:11:02,69.0,1648226.9592406387,11.0,852.0,1.0,3858379.5045618154,1616341.0,118472.0,5.0,0.0,54428.0,,0.03145700104583172,Independiente,4,,0.19328338740251783,1,Paga a tiempo
5,2026-09-24T20:11:02,56.0,3404980.8379604807,12.0,727.0,1.0,3452136.985894913,824510.0,247736.0,2.0,0.0,6513.0,,0.08580282613795753,Empleado,4,,0.28535488653765506,1,Paga a tiempo
5,2026-09-24T20:11:02,36.0,2011934.0958243546,12.0,750.0,3.0,3289031.7112061474,599437.0,129763.0,5.0,0.0,0.0,2118737.0,0.042620242039667335,Independiente,4,Creciente,0.33899375725905145,1,Paga a tiempo
5,2026-09-24T20:11:02,29.0,2442937.972081164,11.0,802.0,3.0,6581772.144257326,4599478.0,206199.0,1.0,0.0,10356.0,5772948.0,0.036243515514299426,Independiente,4,Decreciente,0.261896812047098,1,Paga a tiempo
5,2026-09-24T20:11:02,29.0,1769499.7126039572,5.0,765.0,7.0,2906201.9691015254,349634.0,257828.0,1.0,0.0,0.0,1999800.0,0.13597390654002764,Independiente,10,,0.5441133533137613,0,No paga a tiempo
5,2026-09-24T20:11:02,27.0,1078918.9476608296,7.0,721.0,5.0,3347536.3139739796,804279.0,203174.0,4.0,0.0,18812.0,1684895.0,0.07466039710659393,Empleado,9,Creciente,0.5628300147828502,0,No paga a tiempo
5,2026-09-24T20:11:02,49.0,647202.092686135,25.0,696.0,4.0,1954964.677069771,460619.0,38120.0,4.0,0.0,5664.0,,0.028092067439049986,Independiente,4,Decreciente,0.47774506275447604,1,Paga a tiempo
5,2026-09-24T20:11:02,35.0,844659.5732202088,6.0,745.0,3.0,2547980.865753654,760117.0,99657.0,6.0,0.0,1982.0,1272079.0,0.06304146043089395,Independiente,9,,0.4162207329623986,1,Paga a tiempo
5,2026-09-24T20:11:02,55.0,2389465.4101008684,12.0,727.0,0.0,7021307.78260485,92359.0,190269.0,8.0,0.0,33379.0,1164126.0,0.036152697230693934,Independiente,7,Creciente,0.2151693958932358,1,Paga a tiempo
5,2026-09-24T20:11:02,50.0,1438008.6236024778,12.0,768.0,3.0,1582804.2221727367,397507.0,87549.0,7.0,0.0,12904.0,,0.11768663966210045,Empleado,4,Decreciente,0.25541354584475684,1,Paga a tiempo
5,2026-09-24T20:11:02,59.0,970148.2842785163,13.0,777.0,1.0,3537177.5200578105,400889.0,83807.0,5.0,0.0,22810.0,,0.030710429326813605,Independiente,10,Creciente,0.1804378782185101,1,Paga a tiempo
5,2026-09-24T20:11:02,35.0,4926204.563933941,24.0,755.0,7.0,14234090.798341759,3911489.0,210146.0,13.0,0.0,199774.0,9624316.0,0.01585314114873423,Empleado,10,Creciente,0.13452307942892772,1,Paga a tiempo
5,2026-09-24T20:11:02,33.0,2264112.812866626,5.0,798.0,6.0,4818904.5376795,2074612.0,294496.0,9.0,0.0,120297.0,973931.0,0.07165619052714883,Empleado,4,,0.5850396154890943,0,No paga a tiempo
5,2026-09-24T20:11:02,44.0,3955816.17294841,24.0,777.0,14.0,9932068.851115907,1924947.0,122578.0,16.0,0.0,128074.0,1568976.0,0.021861757491065056,Empleado,68,Estable,0.32480651977259123,1,Paga a tiempo
5,2026-09-24T20:11:02,44.0,934080.8015763569,10.0,775.0,4.0,5740729.814947316,1506452.0,100261.0,7.0,0.0,193639.0,281800.0,0.017433575666738445,Empleado,9,Creciente,0.5153844223383108,0,No paga a tiempo
5,2026-09-24T20:11:02,47.0,1174659.6240875185,5.0,734.0,4.0,5446307.016410164,1999837.0,207381.0,17.0,0.0,52697.0,3632766.0,0.035850102589214006,Independiente,9,,0.6421475217421999,0,No paga a tiempo
5,2026-09-24T20:11:02,29.0,3197060.933476754,9.0,765.0,2.0,3994191.997002906,882623.0,296481.0,4.0,0.0,4752.0,,0.09643313393267812,Empleado,4,Creciente,0.48139781577170193,1,Paga a tiempo
5,2026-09-24T20:11:02,27.0,1210412.8092724215,2.0,748.0,10.0,4684256.040192501,2089059.0,511549.0,17.0,0.0,89823.0,1179907.0,0.12139909025891568,Empleado,9,Creciente,0.48237059056761067,1,Paga a tiempo
5,2026-09-24T20:11:02,51.0,2078881.6961931342,6.0,774.0,7.0,8607781.606531827,2264769.0,307398.0,12.0,0.0,67302.0,,0.028878810951141996,Empleado,9,,0.5123882713390113,0,No paga a tiempo
5,2026-09-24T20:11:02,55.0,3466821.6208239445,13.0,754.0,2.0,5641609.906267804,1563519.0,281717.0,9.0,0.0,12120.0,,0.06957998531363341,Independiente,4,Estable,0.3787141638906393,1,Paga a tiempo
5,2026-09-24T20:11:02,38.0,932957.9193174883,10.0,774.0,9.0,4554475.442026571,2114099.0,72008.0,3.0,0.0,16000.0,2847838.0,0.022955574962696977,Empleado,4,Decreciente,0.3778267621211161,1,Paga a tiempo
5,2026-09-24T20:11:02,28.0,2928647.323335612,12.0,812.0,3.0,5409441.550085583,248438.0,217454.0,4.0,0.0,50616.0,1221072.0,0.03805324638667527,Empleado,9,,0.3300576679986179,1,Paga a tiempo
5,2026-09-24T20:11:02,43.0,4349774.058112346,8.0,812.0,3.0,2023952.9461491117,696164.0,479442.0,7.0,0.0,22014.0,1723193.0,0.33689804499670484,Independiente,9,Creciente,0.1565062485865848,1,Paga a tiempo
5,2026-09-24T20:11:02,59.0,927593.0009912644,6.0,763.0,4.0,4356356.1473253565,722474.0,130416.0,-0.0,0.0,,,0.03472573634705745,Independiente,4,Creciente,0.44495818190650305,1,Paga a tiempo
5,2026-09-24T20:11:02,30.0,2799883.1045103683,12.0,743.0,6.0,6550499.4479114,741749.0,220131.0,6.0,0.0,5503.0,651311.0,0.0323737350019727,Independiente,4,Decreciente,0.6464374012504701,0,No paga a tiempo
5,2026-09-24T20:11:02,53.0,686271.9571766935,5.0,772.0,2.0,3314390.9074414084,0.0,153713.0,0.0,0.0,,,0.07692364278809266,Independiente,4,Creciente,0.3879675322467262,1,Paga a tiempo
5,2026-09-24T20:11:02,51.0,7659832.428721007,13.0,724.0,11.0,7881699.2313997075,2588019.0,530147.0,26.0,0.0,60474.0,,0.06900544910536291,Empleado,4,,0.7637564027620826,0,No paga a tiempo
5,2026-09-24T20:11:02,36.0,3929675.887966989,4.0,782.0,7.0,6801455.791454943,3336928.0,770779.0,7.0,0.0,116751.0,13951939.0,0.15116349513647107,Independiente,7,Estable,0.47122752274389224,1,Paga a tiempo
5,2026-09-24T20:11:02,52.0,1403471.5620996756,13.0,819.0,6.0,6196510.221520616,983086.0,73316.0,12.0,0.0,85360.0,,0.014628713314700056,Independiente,4,Creciente,0.23118979446047194,1,Paga a tiempo
5,2026-09-24T20:11:02,56.0,926689.7932075312,9.0,734.0,3.0,3681121.1330309655,1009555.0,117446.0,10.0,0.0,53991.0,5657632.0,0.03448247818106262,Empleado,4,,0.37052902138517607,1,Paga a tiempo
5,2026-09-24T20:11:02,51.0,1538960.760703728,11.0,802.0,1.0,2252217.7363601862,352276.0,97225.0,2.0,0.0,26774.0,986678.0,0.12026353889219774,Independiente,4,Creciente,0.23626426380228893,1,Paga a tiempo
5,2026-09-24T20:11:02,35.0,3767358.197950908,8.0,772.0,1.0,8249863.543858577,1904384.0,436109.0,2.0,0.0,15995.0,,0.04675957663525428,Independiente,4,Creciente,0.5428540943910882,0,No paga a tiempo
5,2026-09-24T20:11:02,52.0,2497174.5751066515,14.0,753.0,4.0,3860287.8330095224,833001.0,201482.0,7.0,0.0,22208.0,1909963.0,0.07573810654610855,Independiente,9,,0.3684633602219939,1,Paga a tiempo
5,2026-09-24T20:11:02,51.0,2033123.1351476558,12.0,834.0,2.0,4583976.256036121,1257197.0,123031.0,10.0,0.0,7293.0,2378805.0,0.043412545875068924,Independiente,4,Creciente,0.1479561463961474,1,Paga a tiempo
5,2026-09-24T20:11:02,56.0,2834438.7229731013,9.0,775.0,1.0,1896316.7683985494,0.0,289586.0,0.0,0.0,,,0.1635033539290589,Independiente,4,Estable,0.6049743119858653,0,No paga a tiempo
5,2026-09-24T20:11:02,33.0,1819401.7730148123,12.0,798.0,6.0,4683149.153730538,1980577.0,132733.0,4.0,0.0,2184.0,1011912.0,0.02748188162546047,Empleado,10,Estable,0.38466943171269674,1,Paga a tiempo
5,2026-09-24T20:11:02,44.0,7753149.519226056,17.0,806.0,7.0,10961470.12755671,1817396.0,427247.0,9.0,0.0,113545.0,1305445.0,0.04540166669048892,Empleado,68,,0.565909997026961,0,No paga a tiempo
5,2026-09-24T20:11:02,46.0,768050.7612948774,5.0,764.0,1.0,2005070.1207793285,2010028.0,122960.0,1.0,0.0,0.0,,0.07926773305025142,Empleado,9,Creciente,0.3122168005054615,1,Paga a tiempo
5,2026-09-24T20:11:02,59.0,3424868.271018661,10.0,737.0,4.0,3806055.9074728712,1997669.0,317614.0,16.0,0.0,120485.0,,0.09844465046097192,Independiente,4,Creciente,0.6598639390420984,0,No paga a tiempo
5,2026-09-24T20:11:02,43.0,7564672.516443583,13.0,782.0,5.0,11054724.43791848,5252227.0,590484.0,8.0,0.0,26217.0,,0.06351499342441291,Empleado,7,Creciente,0.4130302598746105,1,Paga a tiempo
5,2026-09-24T20:11:02,35.0,2423120.421115501,10.0,687.0,2.0,2894033.9974939534,1252256.0,165288.0,0.0,0.0,,1226814.0,0.09146447731883246,Independiente,68,Decreciente,0.46486925982648797,1,Paga a tiempo
5,2026-09-24T20:11:02,56.0,757270.285644423,7.0,767.0,2.0,5873101.353052598,2122434.0,86483.0,4.0,0.0,94625.0,1170536.0,0.021325124593188294,Independiente,9,Decreciente,0.15583764754636908,1,Paga a tiempo
5,2026-09-24T20:11:02,19.0,2427180.6036749277,9.0,742.0,5.0,2900204.9971393854,0.0,333397.0,1.0,0.0,0.0,1457809.0,0.16534029810822268,Empleado,4,Creciente,0.6110104625755127,0,No paga a tiempo
5,2026-09-24T20:11:02,35.0,902602.9326508568,5.0,734.0,4.0,8925420.854734007,2772712.0,110047.0,5.0,0.0,8395.0,2652918.0,0.029130392258671957,Independiente,68,,0.5534107667002008,0,No paga a tiempo
5,2026-09-24T20:11:02,31.0,1337881.317958414,3.0,765.0,4.0,4880468.822759629,2356797.0,273433.0,9.0,0.0,80068.0,866841.0,0.06820103531067832,Independiente,4,,0.564826151694393,0,No paga a tiempo
5,2026-09-24T20:11:02,45.0,1756852.7326236381,6.0,697.0,4.0,2699774.570440784,310334.0,242405.0,2.0,0.0,413.0,11761.0,0.12561101960836762,Independiente,4,Decreciente,0.6443246642847344,0,No paga a tiempo
5,2026-09-24T20:11:02,49.0,1038048.878790041,5.0,755.0,2.0,1905693.5893861423,400575.0,213372.0,1.0,0.0,33676.0,782383.0,0.1865499338315303,Independiente,4,Creciente,0.38732874823283014,1,Paga a tiempo
5,2026-09-24T20:11:02,22.0,8001689.770990596,12.0,729.0,4.0,4180497.5742790853,396983.0,606556.0,5.0,0.0,9783.0,791969.0,0.1971254186686342,Empleado,10,Decreciente,0.3560855537363794,1,Paga a tiempo
5,2026-09-24T20:11:02,49.0,2906757.4138560556,12.0,830.0,0.0,9765471.620420238,3299484.0,203219.0,11.0,0.0,168976.0,972176.0,0.028127648218173547,Independiente,68,Creciente,0.11104639196510213,1,Paga a tiempo
5,2026-09-24T20:11:02,64.0,4883593.378037353,12.0,769.0,1.0,3997757.19707662,1627696.0,389890.0,6.0,0.0,6061.0,,0.1216293364210893,Independiente,9,,0.36140513654215833,1,Paga a tiempo
5,2026-09-24T20:11:02,43.0,2351025.9898596653,9.0,779.0,2.0,3399851.1157862954,1366660.0,238132.0,9.0,0.0,19419.0,3509964.0,0.07419490472528316,Independiente,4,Estable,0.1837351953253401,1,Paga a tiempo
5,2026-09-24T20:11:02,52.0,3945290.7124227267,35.0,795.0,2.0,1897244.6458986048,0.0,108418.0,4.0,0.0,1633.0,1386724.0,0.1093376986492027,Independiente,4,Creciente,0.7232039829478267,0,No paga a tiempo
5,2026-09-24T20:11:02,32.0,3701423.7476689643,13.0,810.0,3.0,13152718.136839505,6669114.0,258060.0,7.0,0.0,94388.0,8948852.0,0.01662465926437123,Independiente,4,,0.23726946058728915,1,Paga a tiempo
5,2026-09-24T20:11:02,28.0,4171625.038063081,23.0,695.0,5.0,2745752.6831589546,376529.0,161270.0,3.0,0.0,4577.0,1058551.0,0.10352983428378179,Empleado,7,Decreciente,0.8434375786059013,0,No paga a tiempo
5,2026-09-24T20:11:02,52.0,1185774.4221936204,6.0,741.0,11.0,5292121.50159339,1584637.0,161845.0,10.0,0.0,9409.0,5487880.0,0.03230861975988892,Independiente,9,,0.6688856574485125,0,No paga a tiempo
5,2026-09-24T20:11:02,43.0,1647964.5347081185,6.0,769.0,4.0,2938064.0145872915,1532806.0,276795.0,8.0,0.0,48167.0,5552240.0,0.09836073008278043,Independiente,7,Creciente,0.3251447170663747,1,Paga a tiempo
5,2026-09-24T20:11:02,45.0,4934278.186616536,5.0,756.0,1.0,4120164.1365304305,639835.0,727145.0,-0.0,0.0,,4314789.0,0.20086653514877836,Independiente,4,Creciente,0.27816619545164223,1,Paga a tiempo
5,2026-09-24T20:11:02,68.0,391475.9961521595,5.0,768.0,7.0,3121264.0664334074,768541.0,108980.0,2.0,0.0,12627.0,,0.041568254944582696,Independiente,4,,0.17009613070459084,1,Paga a tiempo
5,2026-09-24T20:11:02,37.0,1848621.342956674,17.0,762.0,3.0,4207166.718716228,2005160.0,95900.0,6.0,0.0,3771.0,,0.03409756992122973,Independiente,4,Decreciente,0.27464736283487,1,Paga a tiempo
5,2026-09-24T20:11:02,50.0,558961.7183490761,12.0,855.0,3.0,2284077.469563047,428448.0,39812.0,6.0,0.0,14211.0,1309788.0,0.041807352786042584,Empleado,4,Decreciente,0.22471167002695747,1,Paga a tiempo
5,2026-09-24T20:11:02,61.0,3086490.6219008374,11.0,852.0,4.0,6425856.874665044,1929279.0,253883.0,5.0,0.0,23469.0,958809.0,0.04111153308661189,Empleado,4,Creciente,0.31189083816380614,1,Paga a tiempo
5,2026-09-24T20:11:02,44.0,972585.3141813463,10.0,744.0,2.0,7017328.243317406,2728048.0,92834.0,10.0,0.0,87706.0,1338489.0,0.009992458441417365,Independiente,68,,0.24797952354836672,1,Paga a tiempo
5,2026-09-24T20:11:02,46.0,2739467.6944188927,18.0,796.0,1.0,2887191.4418780725,582795.0,145928.0,2.0,0.0,50305.0,953173.0,0.07275693864762431,Independiente,9,Decreciente,0.24627760383921538,1,Paga a tiempo
5,2026-09-24T20:11:02,43.0,1785402.2983498285,6.0,810.0,2.0,4384638.870405082,1742942.0,264344.0,4.0,0.0,76429.0,2147988.0,0.07389773593353584,Empleado,4,,0.19640391347246355,1,Paga a tiempo
5,2026-09-24T20:11:02,62.0,1784346.591419696,10.0,915.0,1.0,3674603.7737112036,1461165.0,159665.0,6.0,0.0,0.0,,0.046241920907028285,Independiente,4,,0.1938501004171539,1,Paga a tiempo
5,2026-09-24T20:11:02,54.0,8256166.537542634,8.0,770.0,6.0,3003998.421892657,1221397.0,1165677.0,7.0,0.0,83262.0,,0.33344199372023237,Empleado,4,,0.21530025434794886,1,Paga a tiempo
5,2026-09-24T20:11:02,62.0,1012959.4801698987,13.0,774.0,5.0,2264363.898105762,478742.0,116118.0,7.0,0.0,10515.0,1005235.0,0.08787141413432928,Empleado,4,Decreciente,0.3556659873139,1,Paga a tiempo
5,2026-09-24T20:11:02,42.0,3067845.7500966853,10.0,791.0,4.0,4634955.168123548,2078760.0,286675.0,8.0,0.0,159370.0,7356970.0,0.07790470672887478,Empleado,9,,0.2368451483999725,1,Paga a tiempo
5,2026-09-24T20:11:02,51.0,1883092.6340223607,6.0,787.0,4.0,22314987.89165282,15311950.0,281777.0,3.0,0.0,44136.0,150591.0,0.01423877158450127,Empleado,4,Decreciente,0.6419525439035073,0,No paga a tiempo
5,2026-09-24T20:11:02,48.0,1316063.6317963097,11.0,729.0,7.0,2245828.76564728,556036.0,91312.0,1.0,0.0,2150.0,1102497.0,0.06857038836166722,Empleado,9,Decreciente,0.5326173067110296,0,No paga a tiempo
5,2026-09-24T20:11:02,44.0,487788.4794431187,8.0,724.0,2.0,2370898.631963014,285403.0,46129.0,3.0,0.0,6259.0,1344229.0,0.047957979437511324,Empleado,68,Estable,0.36962934371890854,1,Paga a tiempo
5,2026-09-24T20:11:02,60.0,2488163.64511098,6.0,742.0,4.0,1977484.0530531937,358490.0,331173.0,1.0,0.0,5723.0,893489.0,0.31772377302347715,Empleado,9,Creciente,0.306532025141831,1,Paga a tiempo
5,2026-09-24T20:11:02,22.0,3267295.211556255,18.0,701.0,13.0,2768517.5012478144,257485.0,199029.0,10.0,0.0,12680.0,471724.0,0.08929864066499224,Empleado,9,Estable,0.6488417311234482,0,No paga a tiempo
5,2026-09-24T20:11:02,29.0,2116480.5686401,10.0,726.0,3.0,3506965.5204041773,920433.0,173337.0,5.0,0.0,75050.0,1552140.0,0.0642353820884417,Empleado,4,,0.5055072329588278,0,No paga a tiempo
5,2026-09-24T20:11:02,41.0,1429440.3216548508,7.0,805.0,2.0,2038906.9296201412,570101.0,188247.0,1.0,0.0,6463.0,,0.2132702459230736,Empleado,4,Decreciente,0.4682838905850156,1,Paga a tiempo
5,2026-09-24T20:11:02,29.0,2916805.1845206497,10.0,690.0,6.0,5337587.39044144,2917626.0,196233.0,7.0,0.0,12491.0,1977353.0,0.04783640281333521,Empleado,4,Decreciente,0.6387050435369608,0,No paga a tiempo
5,2026-09-24T20:11:02,44.0,1295647.7787809444,11.0,737.0,3.0,4847327.620853687,1020162.0,68696.0,8.0,0.0,50727.0,3353267.0,0.019525830437639613,Independiente,10,Decreciente,0.2568482250495191,1,Paga a tiempo
5,2026-09-24T20:11:02,35.0,188572.3333331855,11.0,735.0,5.0,2481755.4325495316,557499.0,31154.0,4.0,0.0,12684.0,1443506.0,0.017549403806921417,Empleado,7,,0.17494940083436672,1,Paga a tiempo
5,2026-09-24T20:11:02,38.0,3050680.396013164,5.0,796.0,2.0,5044970.114969688,2476224.0,447422.0,8.0,0.0,39843.0,1270924.0,0.12026384473092377,Empleado,4,Creciente,0.2923602748303653,1,Paga a tiempo
5,2026-09-24T20:11:02,36.0,2536034.706508887,9.0,790.0,3.0,3947269.6989001436,1744357.0,223318.0,8.0,0.0,220102.0,,0.07629915671723084,Empleado,4,Decreciente,0.28855157587493985,1,Paga a tiempo
5,2026-09-24T20:11:02,35.0,3666622.341756495,35.0,757.0,7.0,3508730.049032549,627724.0,135968.0,8.0,0.0,119493.0,2077359.0,0.041229517327258214,Independiente,9,,0.36825879461572253,1,Paga a tiempo
5,2026-09-24T20:11:02,51.0,677332.5578421371,6.0,712.0,1.0,1688505.59778648,307358.0,137482.0,4.0,0.0,0.0,869025.0,0.13113904727187015,Empleado,4,Creciente,0.24801020928893458,1,Paga a tiempo
5,2026-09-24T20:11:02,37.0,2161309.000125944,12.0,665.0,5.0,4659132.7523192875,1511917.0,173536.0,6.0,0.0,38327.0,,0.04548040151174682,Independiente,4,Creciente,0.6152019638283615,0,No paga a tiempo
5,2026-09-24T20:11:02,37.0,980700.4319995953,13.0,792.0,7.0,3461433.145008421,704502.0,97403.0,2.0,0.0,8770.0,4042285.0,0.03140009678895003,Independiente,68,Creciente,0.377480696061659,1,Paga a tiempo
5,2026-09-24T20:11:02,36.0,344321.40733738354,4.0,734.0,5.0,3062425.332734586,563485.0,80986.0,2.0,0.0,1167.0,1115767.0,0.031235300548296378,Independiente,68,Creciente,0.3704914970021337,1,Paga a tiempo
5,2026-09-24T20:11:02,64.0,8710779.732568994,6.0,841.0,3.0,5774028.884528472,1432852.0,1321173.0,6.0,0.0,49119.0,2830192.0,0.26764663269903605,Independiente,68,Creciente,0.1993677615109266,1,Paga a tiempo
5,2026-09-24T20:11:02,37.0,1207780.513169759,10.0,760.0,8.0,4820659.86947406,932134.0,78308.0,8.0,0.0,77143.0,,0.014552160404240908,Independiente,7,Creciente,0.3051905380623635,1,Paga a tiempo
5,2026-09-24T20:11:02,58.0,1497900.4657968325,6.0,743.0,2.0,4754443.39397751,1472994.0,196859.0,6.0,0.0,4497.0,,0.0390604020429383,Empleado,9,Estable,0.3275923811028697,1,Paga a tiempo
5,2026-09-24T20:11:02,47.0,1080180.39278901,11.0,762.0,3.0,2457284.666067175,511792.0,87647.0,7.0,0.0,9912.0,1748725.0,0.05045657224842944,Independiente,7,Decreciente,0.260984821122486,1,Paga a tiempo
5,2026-09-24T20:11:02,36.0,1360169.8965732374,12.0,767.0,9.0,3611345.4303315436,872437.0,135285.0,9.0,0.0,35879.0,,0.01989725528176248,Empleado,4,Decreciente,0.3399690937976211,1,Paga a tiempo
5,2026-09-24T20:11:02,27.0,3839673.505431756,12.0,718.0,5.0,4604351.287650939,480400.0,233249.0,4.0,0.0,5178.0,3448566.0,0.06397545810923083,Empleado,4,Creciente,0.26813782568493105,1,Paga a tiempo
5,2026-09-24T20:11:02,25.0,2343789.6523438357,7.0,752.0,2.0,3819275.575633902,6897034.0,329068.0,3.0,0.0,2727.0,943798.0,0.09826643873930846,Independiente,6,Creciente,0.5262720846871234,0,No paga a tiempo
5,2026-09-24T20:11:02,59.0,2875118.128558969,5.0,829.0,3.0,5251538.595563839,683199.0,477569.0,3.0,0.0,19527.0,,0.1000487266246905,Independiente,68,,0.3472837732974817,1,Paga a tiempo
5,2026-09-24T20:11:02,32.0,1447499.2573229028,11.0,692.0,4.0,8086313.339083114,4904419.0,124285.0,4.0,0.0,96370.0,1212403.0,0.021740383021478727,Empleado,4,Estable,0.3409175999701993,1,Paga a tiempo
5,2026-09-24T20:11:02,35.0,3005873.4765656986,24.0,772.0,9.0,8673965.984314336,1203223.0,137444.0,8.0,0.0,301927.0,6925203.0,0.024060745306595098,Independiente,10,Creciente,0.2438712348162222,1,Paga a tiempo
5,2026-09-24T20:11:02,41.0,3553241.620801311,6.0,786.0,5.0,6599403.603635077,1357041.0,516703.0,4.0,0.0,0.0,,0.08296642584830395,Empleado,68,Creciente,0.603428957335531,0,No paga a tiempo
5,2026-09-24T20:11:02,40.0,6250529.929823946,12.0,723.0,3.0,7060705.570080421,2752010.0,456274.0,7.0,0.0,1273.0,1061787.0,0.07411322097071528,Independiente,10,,0.6059986801832029,0,No paga a tiempo
5,2026-09-24T20:11:02,51.0,2487299.5678698663,13.0,815.0,2.0,4845934.060591014,475114.0,176581.0,2.0,0.0,1878.0,266424.0,0.047285306730974336,Independiente,7,Estable,0.2901860763276556,1,Paga a tiempo
5,2026-09-24T20:11:02,30.0,2663630.2504954743,13.0,765.0,3.0,4900851.280666001,549272.0,181319.0,7.0,0.0,32389.0,2941502.0,0.04485923718320587,Independiente,4,,0.2263437405660127,1,Paga a tiempo
5,2026-09-24T20:11:02,40.0,2901197.9420576976,12.0,828.0,2.0,2950653.9467178904,339266.0,172680.0,6.0,0.0,6767.0,1850897.0,0.11919451470554661,Independiente,68,Creciente,0.12467025004502974,1,Paga a tiempo
5,2026-09-24T20:11:02,29.0,5617877.637058298,23.0,722.0,18.0,4299305.899840145,288598.0,173838.0,11.0,0.0,30393.0,3618001.0,0.05352391205014848,Empleado,9,Creciente,0.34218638909373034,1,Paga a tiempo
5,2026-09-24T20:11:02,64.0,3697842.6234356984,7.0,845.0,3.0,4131111.444248186,509210.0,580209.0,6.0,0.0,57018.0,,0.19622185749627907,Independiente,9,,0.41561988723395926,1,Paga a tiempo
5,2026-09-24T20:11:02,49.0,794767.0608282827,5.0,874.0,1.0,4349436.879310492,0.0,103071.0,3.0,0.0,0.0,2933330.0,0.035862547069134075,Empleado,68,Estable,0.2023108487634706,1,Paga a tiempo
5,2026-09-24T20:11:02,38.0,3342927.2175921346,12.0,792.0,4.0,7581966.720269975,2220982.0,222467.0,6.0,0.0,26803.0,7258714.0,0.033757712940398574,Empleado,9,,0.29430467822210316,1,Paga a tiempo
5,2026-09-24T20:11:02,46.0,1856119.8987982415,6.0,721.0,3.0,5769375.327285044,3194669.0,268861.0,8.0,0.0,43994.0,1219512.0,0.05720790790234552,Independiente,9,Decreciente,0.5144741108419568,0,No paga a tiempo
5,2026-09-24T20:11:02,50.0,1609728.9311165605,24.0,816.0,3.0,2700205.187472893,623272.0,80391.0,3.0,0.0,8769.0,,0.03786796004689458,Empleado,4,Creciente,0.30005308656217766,1,Paga a tiempo
5,2026-09-24T20:11:02,51.0,2276930.7303685723,10.0,846.0,6.0,8905500.839096408,3747045.0,173590.0,8.0,0.0,128745.0,930938.0,0.03058892948602186,Empleado,4,,0.29341192772046476,1,Paga a tiempo
5,2026-09-24T20:11:02,28.0,1362659.074823988,12.0,704.0,3.0,1798704.8441445532,410537.0,147771.0,2.0,0.0,0.0,1092630.0,0.08945912389379192,Independiente,68,,0.5636119925632144,0,No paga a tiempo
5,2026-09-24T20:11:02,36.0,2343308.8883648533,12.0,738.0,5.0,7133961.678861202,2567691.0,191791.0,6.0,0.0,10570.0,1297513.0,0.03318730235445016,Empleado,68,Creciente,0.5415073960302028,0,No paga a tiempo
5,2026-09-24T20:11:02,58.0,3529319.9392851796,36.0,779.0,3.0,3217881.5030271984,515095.0,144115.0,2.0,0.0,4912.0,1115463.0,0.05116822280482422,Empleado,4,Estable,0.5411379356148082,0,No paga a tiempo
5,2026-09-24T20:11:02,49.0,1927011.837657891,10.0,865.0,2.0,4104035.7771585523,797069.0,184920.0,4.0,0.0,8363.0,,0.04427900893773946,Empleado,4,Estable,0.20085717160677752,1,Paga a tiempo
5,2026-09-24T20:11:02,56.0,904672.7433712991,7.0,815.0,4.0,3707393.9776101946,965202.0,113230.0,5.0,0.0,30246.0,,0.04584571138950658,Independiente,6,Decreciente,0.3747068985038666,1,Paga a tiempo
5,2026-09-24T20:11:02,38.0,1509750.3655785618,5.0,695.0,1.0,5345667.698987308,2084281.0,189430.0,2.0,0.0,3790.0,906568.0,0.0417984838797757,Independiente,4,,0.44371107667156784,1,Paga a tiempo
5,2026-09-24T20:11:02,52.0,5556442.05660865,6.0,849.0,4.0,5588518.345003212,182050.0,801996.0,7.0,0.0,319324.0,1539331.0,0.19942569061090415,Independiente,4,Creciente,0.4403791877659786,1,Paga a tiempo
5,2026-09-24T20:11:02,50.0,1784123.199870126,12.0,776.0,3.0,2858201.4495636104,71220.0,114064.0,1.0,0.0,13036.0,,0.0893590240125891,Empleado,10,,0.2666180091179664,1,Paga a tiempo
5,2026-09-24T20:11:02,48.0,1153087.0135728742,7.0,782.0,4.0,2428082.56433496,394315.0,155980.0,2.0,0.0,752.0,,0.06941287459364118,Independiente,10,Estable,0.3560800628425438,1,Paga a tiempo
5,2026-09-24T20:11:02,67.0,2010597.7451243738,7.0,836.0,1.0,4820203.957543962,985327.0,215567.0,2.0,0.0,1758.0,,0.06755372443301419,Empleado,7,Decreciente,0.2895509033549174,1,Paga a tiempo
5,2026-09-24T20:11:02,30.0,1414935.9883327903,13.0,779.0,5.0,2733869.8521337737,539266.0,135184.0,5.0,0.0,8244.0,,0.07034591388909504,Empleado,4,Estable,0.4880095000804463,1,Paga a tiempo
5,2026-09-24T20:11:02,31.0,844119.5892361703,6.0,747.0,3.0,2867845.7380072107,951214.0,129150.0,4.0,0.0,0.0,834794.0,0.05081207276454604,Independiente,68,Creciente,0.6297685511725589,0,No paga a tiempo
5,2026-09-24T20:11:02,50.0,3064638.8092722027,11.0,748.0,4.0,2957407.4486345523,938676.0,264800.0,18.0,0.0,98520.0,766163.0,0.09729671345924897,Empleado,68,,0.5208665617915486,0,No paga a tiempo
5,2026-09-24T20:11:02,30.0,1730473.6102944468,13.0,725.0,1.0,2464006.183868456,698299.0,154088.0,2.0,0.0,205.0,,0.059030983950423006,Independiente,4,Estable,0.4191265702543371,1,Paga a tiempo
5,2026-09-24T20:11:02,59.0,2328962.2847965285,13.0,844.0,3.0,7027448.336943742,2597402.0,171607.0,8.0,0.0,53390.0,598519.0,0.03529864178094722,Independiente,4,Creciente,0.43934921769986035,1,Paga a tiempo
5,2026-09-24T20:11:02,38.0,1700904.2013267921,12.0,689.0,6.0,2331035.8476557718,561453.0,125277.0,10.0,0.0,58432.0,966138.0,0.08563705204825733,Empleado,6,Creciente,0.43448017131334216,1,Paga a tiempo
5,2026-09-24T20:11:02,31.0,2619221.6270033815,7.0,781.0,1.0,2721598.8899553907,1306685.0,418809.0,7.0,0.0,56248.0,2588715.0,0.17539563583732648,Empleado,4,Decreciente,0.37653407592831634,1,Paga a tiempo
5,2026-09-24T20:11:02,36.0,1428416.2893072956,5.0,841.0,7.0,3856322.0664386894,2287965.0,260899.0,1.0,0.0,7032.0,1435032.0,0.0898709465637003,Independiente,9,Estable,0.4652535500555599,1,Paga a tiempo
5,2026-09-24T20:11:02,41.0,2951724.2646350935,9.0,821.0,5.0,6144837.151838729,2448638.0,262747.0,14.0,0.0,16620.0,1560888.0,0.04893180935854015,Empleado,4,,0.32102714158027523,1,Paga a tiempo
5,2026-09-24T20:11:02,65.0,926278.4768372544,7.0,839.0,6.0,4157111.6551205935,785897.0,145831.0,4.0,0.0,46056.0,,0.037918609901656575,Empleado,7,Estable,0.38076918637937396,1,Paga a tiempo
5,2026-09-24T20:11:02,49.0,674421.6084207054,7.0,748.0,-0.0,2246850.1360926647,136912.0,96354.0,7.0,0.0,2310.0,,0.06426490140003403,Independiente,4,Estable,0.25232947240345815,1,Paga a tiempo
5,2026-09-24T20:11:02,64.0,1063739.8121468974,8.0,873.0,2.0,3906021.253779352,988026.0,119919.0,6.0,0.0,16198.0,3053572.0,0.03940033172419246,Independiente,9,Creciente,0.262122497605509,1,Paga a tiempo
5,2026-09-24T20:11:02,21.0,781954.206616178,7.0,659.0,1.0,2197661.4899027334,509951.0,113546.0,4.0,0.0,0.0,,0.060008834430389735,Independiente,9,Creciente,0.7018589273362787,0,No paga a tiempo
5,2026-09-24T20:11:02,56.0,2446263.3919074507,5.0,728.0,7.0,12182141.508224826,3655213.0,336516.0,4.0,0.0,0.0,904389.0,0.031078409634076497,Empleado,4,Creciente,0.7181949135375907,0,No paga a tiempo
5,2026-09-24T20:11:02,42.0,1117484.3490574295,11.0,725.0,2.0,2842448.2876027473,604261.0,86771.0,3.0,0.0,1346.0,998913.0,0.05826828082364782,Independiente,4,Decreciente,0.26058452898680895,1,Paga a tiempo
5,2026-09-24T20:11:02,43.0,1656869.9199776049,7.0,811.0,1.0,4050570.5102168294,218707.0,252225.0,3.0,0.0,1405.0,1083772.0,0.08742722718616554,Empleado,9,Creciente,0.2651027512683575,1,Paga a tiempo
5,2026-09-24T20:11:02,24.0,2148091.2744125794,11.0,711.0,4.0,3570491.427812872,755041.0,115018.0,3.0,0.0,17862.0,891023.0,0.057895233442639006,Empleado,7,Decreciente,0.533717866442595,0,No paga a tiempo
5,2026-09-24T20:11:02,27.0,847827.5634001129,10.0,716.0,6.0,3694198.4039896326,923496.0,112824.0,11.0,0.0,41028.0,1376858.0,0.0437452789938587,Independiente,7,Creciente,0.6308219727023192,0,No paga a tiempo
5,2026-09-24T20:11:02,64.0,2325364.244850962,12.0,821.0,5.0,3976529.01812288,701819.0,120208.0,7.0,0.0,35003.0,1101390.0,0.055987221429108516,Independiente,10,Decreciente,0.2533478864008796,1,Paga a tiempo
5,2026-09-24T20:11:02,37.0,3110585.4003817877,11.0,737.0,5.0,5312733.695101495,4723158.0,225489.0,7.0,0.0,12676.0,,0.06524742385575227,Empleado,7,Decreciente,0.35075967219739446,1,Paga a tiempo
5,2026-09-24T20:11:02,33.0,1404639.0516524296,3.0,730.0,4.0,5841971.586861573,1766833.0,634482.0,3.0,0.0,9415.0,21295.0,0.12432722184005528,Empleado,4,,0.745618013417719,0,No paga a tiempo
5,2026-09-24T20:11:02,30.0,1422483.4825823824,12.0,749.0,9.0,4303129.15016798,1051384.0,94799.0,9.0,0.0,70117.0,2821855.0,0.031396484409277614,Empleado,4,,0.5278470019451099,0,No paga a tiempo
5,2026-09-24T20:11:02,37.0,501923.42303572956,6.0,707.0,5.0,3446572.749184188,420335.0,94819.0,15.0,0.0,17471.0,,0.03385302775218527,Empleado,68,,0.5728709510842211,0,No paga a tiempo
5,2026-09-24T20:11:02,45.0,998683.2874146756,6.0,761.0,4.0,2539152.1629910106,21441.0,113878.0,1.0,0.0,0.0,,0.0978511028786928,Empleado,7,,0.48431279197119403,1,Paga a tiempo
5,2026-09-24T20:11:02,24.0,945219.4666624989,10.0,741.0,12.0,2097261.4077793467,727041.0,78610.0,6.0,0.0,6705.0,,0.07181089288912929,Independiente,4,Creciente,0.5116356802802877,0,No paga a tiempo
5,2026-09-24T20:11:02,57.0,1325343.710579378,6.0,773.0,5.0,2343451.9558119494,931829.0,214394.0,12.0,0.0,15761.0,1542249.0,0.1530700241101194,Empleado,10,Decreciente,0.4412652293479512,1,Paga a tiempo
5,2026-09-24T20:11:02,28.0,2636355.642105078,12.0,748.0,3.0,4255372.627879516,2145033.0,184034.0,4.0,0.0,56424.0,971964.0,0.05622475178406784,Independiente,4,Estable,0.41839190351163025,1,Paga a tiempo
5,2026-09-24T20:11:02,47.0,1351774.9346988508,6.0,785.0,4.0,3481208.79766366,662121.0,197699.0,4.0,0.0,1350.0,,0.08028186854648585,Empleado,6,Creciente,0.34210916218413856,1,Paga a tiempo
5,2026-09-24T20:11:02,27.0,2774265.7555384696,13.0,719.0,6.0,2511263.6975574195,844733.0,195890.0,3.0,0.0,44633.0,1428618.0,0.08886781891159322,Independiente,10,Creciente,0.5292887931401855,0,No paga a tiempo
5,2026-09-24T20:11:02,41.0,1558014.0012001952,11.0,727.0,5.0,2119389.0651684348,80638.0,121872.0,8.0,0.0,14772.0,1309615.0,0.08381292285446575,Empleado,10,Estable,0.40494233791975476,1,Paga a tiempo
5,2026-09-24T20:11:02,46.0,1106917.3591916964,6.0,687.0,15.0,4415718.207085294,1120504.0,156684.0,12.0,0.0,20395.0,1673597.0,0.05221716695774766,Independiente,4,,0.7019964745148264,0,No paga a tiempo
5,2026-09-24T20:11:02,40.0,1937326.0024695476,10.0,858.0,3.0,3943563.810465552,1593900.0,149515.0,6.0,0.0,94571.0,,0.057421829800451255,Independiente,9,Decreciente,0.26005787256340207,1,Paga a tiempo
5,2026-09-24T20:11:02,43.0,3595123.739162801,34.0,665.0,9.0,5950682.2882351205,1965500.0,150689.0,13.0,0.0,45745.0,720784.0,0.03804353262093352,Independiente,9,,0.5158972526096259,0,No paga a tiempo
5,2026-09-24T20:11:02,37.0,2153820.0346530033,11.0,832.0,2.0,2654835.7926821113,678104.0,161760.0,2.0,0.0,0.0,,0.11606648709760417,Independiente,9,Creciente,0.20566915294772947,1,Paga a tiempo
5,2026-09-24T20:11:02,22.0,1063249.074749516,6.0,716.0,4.0,5552663.161867081,944107.0,143014.0,3.0,0.0,7085.0,,0.035438847481571306,Independiente,4,,0.805862887122044,0,No paga a tiempo
5,2026-09-24T20:11:02,40.0,4585052.616342977,24.0,851.0,1.0,3380195.886652477,228152.0,214832.0,4.0,0.0,60075.0,2020583.0,0.06426054363938022,Independiente,4,Creciente,0.33936843227775115,1,Paga a tiempo
5,2026-09-24T20:11:02,32.0,3350799.546612313,35.0,727.0,2.0,4141051.0084002153,1504534.0,139953.0,11.0,0.0,32890.0,3379282.0,0.0448656049006632,Independiente,10,,0.19882967931333728,1,Paga a tiempo
5,2026-09-24T20:11:02,34.0,1478559.8005814138,5.0,742.0,2.0,2187444.7119239974,24943.0,249008.0,-0.0,0.0,,999807.0,0.15569006914081698,Empleado,7,Creciente,0.43793039352290597,1,Paga a tiempo
5,2026-09-24T20:11:02,36.0,1996753.3839531324,12.0,808.0,4.0,3374501.303922267,431143.0,178949.0,8.0,0.0,23750.0,1076600.0,0.05407804430054052,Independiente,68,Creciente,0.3116950307861086,1,Paga a tiempo
5,2026-09-24T20:11:02,42.0,1126385.9347642646,6.0,759.0,3.0,3570376.369091584,974399.0,161923.0,6.0,0.0,66638.0,1409119.0,0.05127902235460935,Empleado,6,Creciente,0.2937259517490086,1,Paga a tiempo
5,2026-09-24T20:11:02,47.0,8150968.98347456,6.0,758.0,6.0,15018119.204174537,6972510.0,1134117.0,5.0,0.0,86628.0,527453.0,0.08143468680489682,Independiente,4,,0.7840227391740587,0,No paga a tiempo
5,2026-09-24T20:11:02,44.0,4108779.4205230884,8.0,728.0,10.0,5713204.183745029,2300099.0,507441.0,4.0,0.0,39730.0,1339027.0,0.10273555062648727,Empleado,6,Estable,0.7206087910116377,0,No paga a tiempo
5,2026-09-24T20:11:02,54.0,2443714.272881142,36.0,796.0,2.0,2542873.203505807,340605.0,91459.0,10.0,0.0,24650.0,1534459.0,0.03817638780163695,Empleado,9,Creciente,0.42765134991553344,1,Paga a tiempo
5,2026-09-24T20:11:02,31.0,3099917.8544686106,35.0,752.0,3.0,2702216.431677461,615544.0,103027.0,3.0,0.0,4258.0,1196354.0,0.05125148877356485,Independiente,9,,0.6752384449682174,0,No paga a tiempo
5,2026-09-24T20:11:02,38.0,5528226.739877385,8.0,703.0,5.0,9382666.697567556,3972552.0,635765.0,10.0,0.0,44941.0,3236506.0,0.07210057789055517,Empleado,7,,0.5791029931739881,0,No paga a tiempo
5,2026-09-24T20:11:02,31.0,1282763.697115248,7.0,748.0,9.0,3811695.0418915013,0.0,203491.0,4.0,0.0,779.0,2606679.0,0.06737259169683751,Independiente,4,Decreciente,0.5904409422402648,0,No paga a tiempo
5,2026-09-24T20:11:02,42.0,3324398.298630456,9.0,739.0,5.0,10665224.613090819,3711477.0,299465.0,7.0,0.0,9604.0,2120839.0,0.02615757449967859,Independiente,9,,0.4793893195618917,1,Paga a tiempo
5,2026-09-24T20:11:02,31.0,3435759.2874623165,36.0,806.0,1.0,3446459.9154777755,0.0,123764.0,2.0,0.0,66710.0,2286948.0,0.038242335189662933,Independiente,4,Estable,0.2530322482054248,1,Paga a tiempo
5,2026-09-24T20:11:02,54.0,2293125.1071723127,24.0,724.0,5.0,4495754.564193539,1054569.0,103016.0,6.0,0.0,36208.0,,0.027174983578981904,Empleado,7,Creciente,0.4510310724288734,1,Paga a tiempo
5,2026-09-24T20:11:02,40.0,1915863.3958876084,11.0,746.0,11.0,5026001.906428058,332464.0,152047.0,1.0,0.0,5797.0,4513202.0,0.04377322984780856,Independiente,4,Decreciente,0.587419878668647,0,No paga a tiempo
5,2026-09-24T20:11:02,42.0,2857147.209913779,12.0,757.0,6.0,3211384.251953568,499071.0,207954.0,6.0,0.0,0.0,1046939.0,0.09446635711049303,Empleado,9,,0.3601766206271426,1,Paga a tiempo
5,2026-09-24T20:11:02,53.0,1917505.932354511,6.0,845.0,2.0,3933881.027596884,1092076.0,265379.0,6.0,0.0,72987.0,1932363.0,0.09376275397992928,Empleado,7,,0.1956029774407284,1,Paga a tiempo
5,2026-09-24T20:11:02,39.0,2574410.202236025,6.0,716.0,2.0,2292723.9964097007,182379.0,415661.0,3.0,0.0,0.0,,0.19190357117982662,Empleado,9,,0.48836768138248055,1,Paga a tiempo
5,2026-09-24T20:11:02,61.0,1155372.0852193995,18.0,718.0,2.0,3773449.2153328015,1043876.0,50790.0,10.0,0.0,19744.0,,0.017465802673619774,Empleado,4,Creciente,0.1862212272806657,1,Paga a tiempo
5,2026-09-24T20:11:02,59.0,936601.6597392261,7.0,719.0,4.0,5237887.978320789,1270153.0,124389.0,32.0,0.0,39278.0,1035402.0,0.037286074841664754,Empleado,4,Estable,0.4231697889016881,1,Paga a tiempo
5,2026-09-24T20:11:02,50.0,1856207.7950211605,7.0,850.0,2.0,5558180.880645273,1696446.0,258797.0,10.0,0.0,53373.0,,0.05462070875273008,Independiente,4,Decreciente,0.22357073224147772,1,Paga a tiempo
5,2026-09-24T20:11:02,38.0,1288001.0177326426,12.0,795.0,5.0,7227824.041862175,86382.0,71485.0,8.0,0.0,5867.0,1783339.0,0.015470308408159342,Independiente,4,Creciente,0.2926637189785066,1,Paga a tiempo
5,2026-09-24T20:11:02,24.0,1569655.9070558753,10.0,745.0,5.0,2247753.7895971634,560038.0,136659.0,5.0,0.0,44294.0,761782.0,0.09600231728195337,Independiente,4,,0.6401169233917597,0,No paga a tiempo
5,2026-09-24T20:11:02,59.0,7416443.00215318,6.0,820.0,6.0,20876752.048121393,960529.0,1144178.0,5.0,0.0,24321.0,1139157.0,0.04754913489614327,Independiente,4,Estable,0.3856197637865685,1,Paga a tiempo
5,2026-09-24T20:11:02,43.0,708890.8128627106,9.0,798.0,5.0,4770826.908535439,1207056.0,85479.0,7.0,0.0,20739.0,,0.028980920091268986,Empleado,9,,0.3098929541666411,1,Paga a tiempo
5,2026-09-24T20:11:02,60.0,1247323.7407061213,9.0,680.0,10.0,5330249.580256466,3484947.0,90998.0,11.0,0.0,147991.0,1736380.0,0.02906173643813781,Empleado,68,Creciente,0.39899275392440026,1,Paga a tiempo
5,2026-09-24T20:11:02,26.0,1213115.92104067,12.0,741.0,6.0,2552384.880307793,204565.0,100995.0,4.0,0.0,4328.0,1244240.0,0.07550271638826349,Independiente,4,Creciente,0.5691909313781194,0,No paga a tiempo
5,2026-09-24T20:11:02,26.0,1586523.1410686723,13.0,731.0,3.0,2186346.8872528626,785653.0,141897.0,5.0,0.0,48116.0,1603911.0,0.08500830732979005,Empleado,7,Estable,0.37058900593887534,1,Paga a tiempo
5,2026-09-24T20:11:02,32.0,6242458.168607091,6.0,780.0,4.0,8645132.716718692,2005748.0,809207.0,4.0,0.0,86486.0,,0.10439086787812407,Independiente,4,,0.7284330555408831,0,No paga a tiempo
5,2026-09-24T20:11:02,59.0,1105547.2284589063,10.0,787.0,1.0,3697957.2367714574,345023.0,98934.0,5.0,0.0,4748.0,1880993.0,0.04187701013438536,Independiente,6,Creciente,0.2520055620752055,1,Paga a tiempo
5,2026-09-24T20:11:02,37.0,2854310.408649575,9.0,766.0,4.0,2819110.4922742713,710252.0,286338.0,9.0,0.0,9461.0,1069945.0,0.1410081127288966,Empleado,9,,0.3048425709677933,1,Paga a tiempo
5,2026-09-24T20:11:02,45.0,2265547.3057190827,6.0,775.0,1.0,18688107.183987606,4944673.0,330201.0,10.0,0.0,22396.0,927907.0,0.01527214276214594,Independiente,7,,0.17279199657051225,1,Paga a tiempo
5,2026-09-24T20:11:02,23.0,1993692.7920185411,12.0,776.0,0.0,4590646.239018763,934963.0,110117.0,3.0,0.0,32844.0,3019551.0,0.03879822722638497,Empleado,10,Decreciente,0.09169533283602327,1,Paga a tiempo
5,2026-09-24T20:11:02,47.0,2965651.2854764787,12.0,745.0,5.0,5057538.738809935,2978818.0,195190.0,8.0,0.0,50694.0,,0.04136827117690451,Independiente,4,Creciente,0.4632380680197066,1,Paga a tiempo
5,2026-09-24T20:11:02,44.0,1848119.0313965247,7.0,784.0,3.0,9842726.088065358,4795526.0,268409.0,10.0,0.0,258263.0,8269561.0,0.03236589409043217,Independiente,10,Decreciente,0.2202169151866621,1,Paga a tiempo
5,2026-09-24T20:11:02,45.0,4222702.47198856,5.0,715.0,6.0,6381475.322274859,498316.0,643354.0,11.0,0.0,55867.0,895583.0,0.11797948222452902,Independiente,4,,0.5981701676592059,0,No paga a tiempo
5,2026-09-24T20:11:02,44.0,3406461.248915142,7.0,740.0,4.0,6602724.525196681,2162538.0,462967.0,8.0,0.0,60188.0,5223139.0,0.07933262351054607,Independiente,9,Decreciente,0.5603128294086583,0,No paga a tiempo
5,2026-09-24T20:11:02,,1752032.20036594,9.0,,-0.0,,,192107.0,0.0,,,,,Independiente,6,Decreciente,0.45942738820167406,1,Paga a tiempo
5,2026-09-24T20:11:02,53.0,900031.0957401663,5.0,744.0,4.0,2883218.567599821,1145742.0,111985.0,4.0,0.0,59718.0,2045247.0,0.05124579265851814,Independiente,9,,0.43292664507304723,1,Paga a tiempo
5,2026-09-24T20:11:02,58.0,2070224.5114883909,12.0,726.0,2.0,3582035.8131806743,321111.0,176340.0,3.0,0.0,0.0,,0.06443130452559559,Independiente,9,Creciente,0.35734849450836026,1,Paga a tiempo
5,2026-09-24T20:11:02,63.0,1226944.7344792162,9.0,864.0,2.0,4020855.117638353,1903632.0,104336.0,3.0,0.0,20209.0,,0.037897477054016776,Empleado,4,,0.18959303094398072,1,Paga a tiempo
5,2026-09-24T20:11:02,25.0,921804.8185985043,1.0,672.0,11.0,5691730.883368573,2209234.0,243950.0,24.0,0.0,17792.0,1338752.0,0.05637443279299417,Empleado,9,Creciente,0.4528680232240301,1,Paga a tiempo
5,2026-09-24T20:11:02,30.0,1998783.1248439474,5.0,752.0,5.0,2227093.4978505108,295686.0,309827.0,2.0,0.0,0.0,780626.0,0.20286360862556804,Empleado,4,Decreciente,0.6155706331822727,0,No paga a tiempo
5,2026-09-24T20:11:02,62.0,1247011.3090534108,7.0,769.0,5.0,5330599.360516033,2912886.0,168513.0,6.0,0.0,301755.0,,0.04192188978854114,Independiente,4,Creciente,0.49630202327839545,1,Paga a tiempo
5,2026-09-24T20:11:02,42.0,1076070.8742845384,5.0,814.0,3.0,4614255.7744318405,311763.0,159167.0,7.0,0.0,8686.0,924128.0,0.04196908209505378,Independiente,9,Creciente,0.38470051928291127,1,Paga a tiempo
5,2026-09-24T20:11:02,33.0,4744486.309236114,35.0,733.0,9.0,1887030.70968522,403227.0,170502.0,3.0,0.0,14789.0,1297856.0,0.15492498144668823,Empleado,7,Estable,0.8692115770222805,0,No paga a tiempo
5,2026-09-24T20:11:02,22.0,3161512.087501129,11.0,723.0,1.0,3334501.5793936444,1099543.0,250140.0,4.0,0.0,0.0,,0.13826900204565362,Independiente,4,Creciente,0.41382315992012697,1,Paga a tiempo
5,2026-09-24T20:11:02,28.0,829836.2203096509,5.0,741.0,5.0,2429958.7138419654,424412.0,156709.0,3.0,0.0,4399.0,,0.0896615382662716,Independiente,4,Creciente,0.6698103372252546,0,No paga a tiempo
5,2026-09-24T20:11:02,53.0,2972180.972936577,9.0,758.0,-0.0,3415597.7736840183,1949964.0,264950.0,-0.0,0.0,,,0.113752279127938,Independiente,9,,0.4180808433712454,1,Paga a tiempo
5,2026-09-24T20:11:02,68.0,2657244.2237389907,32.0,772.0,1.0,2045543.2531202137,293641.0,122901.0,0.0,0.0,,913425.0,0.06844403227271867,Empleado,9,Creciente,0.6428348457312051,0,No paga a tiempo
5,2026-09-24T20:11:02,29.0,3920904.339412986,11.0,869.0,7.0,4927429.277742446,2575807.0,295398.0,4.0,0.0,35568.0,2974598.0,0.06608409715035943,Independiente,9,Creciente,0.31384618203598647,1,Paga a tiempo
5,2026-09-24T20:11:02,28.0,1219439.8248291335,6.0,723.0,3.0,2598998.496267286,1051155.0,158199.0,5.0,0.0,77563.0,,0.12656951600219268,Empleado,4,Creciente,0.5831800255629034,0,No paga a tiempo
5,2026-09-24T20:11:02,40.0,3172916.2309379615,24.0,754.0,2.0,2212977.931568875,410701.0,121223.0,2.0,0.0,0.0,,0.08952059717335475,Independiente,10,Creciente,0.5726485026485385,0,No paga a tiempo
5,2026-09-24T20:11:02,46.0,2144583.084407019,11.0,801.0,5.0,3137701.9753481285,1477875.0,173256.0,8.0,0.0,59487.0,1264508.0,0.06726689657020596,Empleado,4,Creciente,0.3316881981580846,1,Paga a tiempo
5,2026-09-24T20:11:02,44.0,614253.4527970018,7.0,691.0,4.0,2373184.4087284706,1759823.0,90706.0,6.0,0.0,14335.0,955359.0,0.054886373759751424,Empleado,4,,0.37440590486152103,1,Paga a tiempo
5,2026-09-24T20:11:02,61.0,778645.6910394285,6.0,751.0,4.0,2429901.594743263,1014888.0,109250.0,5.0,0.0,23713.0,1080535.0,0.06007779861830434,Independiente,10,Creciente,0.33463057147466735,1,Paga a tiempo
5,2026-09-24T20:11:02,57.0,3788747.4522366067,11.0,831.0,0.0,6408363.985118669,5386821.0,295478.0,6.0,0.0,54878.0,841948.0,0.05017241679074784,Independiente,6,Creciente,0.2958603080886496,1,Paga a tiempo
5,2026-09-24T20:11:02,28.0,1470653.3694146345,12.0,757.0,5.0,3443269.783908527,888404.0,120351.0,3.0,0.0,2838.0,1141778.0,0.06521466921727591,Empleado,7,,0.23172600887885808,1,Paga a tiempo
5,2026-09-24T20:11:02,62.0,4300501.082799481,8.0,761.0,4.0,3543049.0890934817,3002180.0,394262.0,16.0,0.0,140959.0,2158455.0,0.13186340970829594,Empleado,10,Estable,0.4273310140982025,1,Paga a tiempo
5,2026-09-24T20:11:02,39.0,3519712.378916117,36.0,721.0,4.0,3896400.900749644,890767.0,109362.0,6.0,0.0,76845.0,3142357.0,0.036508061982307285,Empleado,7,Decreciente,0.18486411835058558,1,Paga a tiempo
5,2026-09-24T20:11:02,42.0,332081.19280091627,7.0,657.0,4.0,2816211.294679898,635370.0,67615.0,8.0,0.0,21710.0,1266774.0,0.032218958299862266,Independiente,4,Creciente,0.31030020287386484,1,Paga a tiempo
5,2026-09-24T20:11:02,37.0,2843630.206064957,5.0,708.0,5.0,7444572.703183205,1849.0,463116.0,11.0,0.0,124345.0,4572562.0,0.07809537796855133,Independiente,4,Estable,0.5467867983782664,0,No paga a tiempo
5,2026-09-24T20:11:02,32.0,1936836.5590254983,25.0,772.0,8.0,2750266.589317966,289404.0,89981.0,8.0,0.0,115828.0,3579377.0,0.04008983434717412,Empleado,4,Decreciente,0.19628019186537726,1,Paga a tiempo
5,2026-09-24T20:11:02,27.0,2100190.5765522225,6.0,775.0,1.0,4201149.018444631,915569.0,304467.0,1.0,0.0,0.0,,0.10189268371398646,Empleado,68,Creciente,0.6004298161908302,0,No paga a tiempo
5,2026-09-24T20:11:02,33.0,1839436.0132201628,6.0,714.0,2.0,2519859.7964281416,225202.0,196038.0,2.0,0.0,17285.0,2434718.0,0.12344814615607327,Independiente,7,Decreciente,0.3370172311002061,1,Paga a tiempo
5,2026-09-24T20:11:02,24.0,3810579.904841888,12.0,628.0,6.0,4605905.36852828,1455365.0,285442.0,4.0,0.0,16271.0,624592.0,0.09204075706685418,Independiente,9,,0.6614163628587406,0,No paga a tiempo
5,2026-09-24T20:11:02,30.0,2549586.50306951,12.0,785.0,3.0,1817878.6640645752,397409.0,187662.0,4.0,0.0,3008.0,724459.0,0.13137684493214682,Empleado,6,Creciente,0.4316011350841734,1,Paga a tiempo
5,2026-09-24T20:11:02,23.0,1762756.3210176108,12.0,720.0,12.0,2568343.7283851253,1061115.0,114246.0,10.0,0.0,0.0,1165338.0,0.07031545411608997,Independiente,4,Decreciente,0.2428267697784,1,Paga a tiempo
5,2026-09-24T20:11:02,42.0,1687099.7886737233,7.0,772.0,4.0,5092895.51837541,521882.0,275834.0,10.0,0.0,94077.0,2014525.0,0.07016257826877242,Empleado,68,Decreciente,0.3337008512391265,1,Paga a tiempo
5,2026-09-24T20:11:02,58.0,1520003.1360431672,7.0,897.0,1.0,4776382.200883899,583858.0,200888.0,12.0,0.0,6304.0,1879550.0,0.05246567250037875,Empleado,4,Decreciente,0.20582810621558112,1,Paga a tiempo
5,2026-09-24T20:11:02,48.0,1398177.9726708648,12.0,865.0,0.0,2133745.7300990266,553474.0,141680.0,3.0,0.0,7131.0,,0.07561034432309903,Empleado,68,,0.21846567643793346,1,Paga a tiempo
5,2026-09-24T20:11:02,62.0,2974003.2919407943,12.0,856.0,3.0,16325504.923685977,5694212.0,224828.0,5.0,0.0,8117.0,14746353.0,0.005157777413324856,Empleado,4,,0.11807155745687203,1,Paga a tiempo
5,2026-09-24T20:11:02,65.0,935668.408539792,7.0,839.0,3.0,2347817.149882736,0.0,127067.0,2.0,0.0,9793.0,1311769.0,0.07449019546134517,Empleado,9,Creciente,0.35896204643023855,1,Paga a tiempo
5,2026-09-24T20:11:02,47.0,1887999.7792070627,17.0,849.0,2.0,2590833.3673897106,804809.0,78197.0,2.0,0.0,36511.0,2156842.0,0.042437514158883236,Independiente,4,,0.18607333536466386,1,Paga a tiempo
5,2026-09-24T20:11:02,35.0,3303146.8025911655,12.0,687.0,11.0,5885164.406801643,2082255.0,260154.0,9.0,0.0,29978.0,846921.0,0.05484052032794686,Independiente,4,,0.8353686669064255,0,No paga a tiempo
5,2026-09-24T20:11:02,27.0,6226651.038506255,24.0,704.0,0.0,3572186.224201088,849683.0,252951.0,7.0,0.0,3024.0,3904283.0,0.08590148138834071,Empleado,6,Creciente,0.21315793225918855,1,Paga a tiempo
5,2026-09-24T20:11:02,33.0,4081962.7909684773,6.0,737.0,0.0,7666592.712851232,2332514.0,564202.0,3.0,0.0,17058.0,6646075.0,0.0851972766320926,Independiente,10,,0.299874032695588,1,Paga a tiempo
5,2026-09-24T20:11:02,57.0,508665.5222166273,6.0,757.0,1.0,2606343.1358104036,214929.0,66509.0,4.0,0.0,6978.0,2212727.0,0.046760098395909035,Independiente,4,Decreciente,0.2653245811605418,1,Paga a tiempo
5,2026-09-24T20:11:02,26.0,1045948.7491445539,7.0,731.0,7.0,2466040.9229806224,179820.0,176547.0,9.0,0.0,4226.0,1341237.0,0.09487400491176802,Empleado,68,Estable,0.6755241891344217,0,No paga a tiempo
5,2026-09-24T20:11:02,39.0,4186626.1832204014,5.0,748.0,10.0,9208949.504334439,1611262.0,567741.0,15.0,0.0,71959.0,892445.0,0.07106982019675628,Independiente,7,Creciente,0.6383210829471301,0,No paga a tiempo
5,2026-09-24T20:11:02,62.0,1775548.3820453996,6.0,845.0,2.0,2994159.769688019,137302.0,254525.0,5.0,0.0,66860.0,2125152.0,0.11623644923815175,Independiente,68,Estable,0.17149261499545543,1,Paga a tiempo
5,2026-09-24T20:11:02,27.0,1007667.1040393583,7.0,731.0,4.0,3738187.7436656463,1797461.0,134641.0,5.0,0.0,7058.0,1048633.0,0.05155833097750466,Empleado,4,,0.5397867315868947,0,No paga a tiempo
5,2026-09-24T20:11:02,39.0,731547.996030331,5.0,760.0,6.0,3962433.6991268825,564441.0,110693.0,3.0,0.0,44086.0,,0.0170972777142267,Independiente,4,Creciente,0.28414539308308917,1,Paga a tiempo
5,2026-09-24T20:11:02,42.0,2421341.823423415,11.0,675.0,7.0,2840325.0558655257,462658.0,170366.0,5.0,0.0,0.0,1886144.0,0.07874200216458649,Empleado,9,Decreciente,0.5027490690077918,0,No paga a tiempo
5,2026-09-24T20:11:02,26.0,2158414.845386165,12.0,720.0,3.0,2485419.7618869203,94991.0,182235.0,6.0,0.0,8532.0,1870110.0,0.07426286097753704,Empleado,4,,0.36021308414628217,1,Paga a tiempo
5,2026-09-24T20:11:02,56.0,635018.2271899865,13.0,736.0,2.0,5092246.951744552,2440538.0,43742.0,9.0,0.0,99447.0,5514179.0,0.013502901046210054,Empleado,4,Estable,0.13606957417394183,1,Paga a tiempo
5,2026-09-24T20:11:02,53.0,749728.9271983326,6.0,758.0,6.0,3411514.8735129335,604011.0,125217.0,4.0,0.0,27499.0,,0.04321944231847463,Empleado,4,Decreciente,0.30072723603210516,1,Paga a tiempo
5,2026-09-24T20:11:02,27.0,1489126.6926576816,8.0,672.0,10.0,6019350.708091672,2157922.0,152721.0,20.0,0.0,64599.0,1028424.0,0.028993626364433176,Independiente,7,Decreciente,0.6325948637673082,0,No paga a tiempo
5,2026-09-24T20:11:02,65.0,2777474.795915873,6.0,766.0,4.0,4630863.695129445,1612300.0,374487.0,7.0,0.0,143094.0,4519077.0,0.0982154553227612,Empleado,9,,0.3862716245606068,1,Paga a tiempo
5,2026-09-24T20:11:02,28.0,3250125.739968259,7.0,682.0,10.0,18651123.198386993,5952317.0,497701.0,10.0,0.0,144203.0,718432.0,0.029447395933247356,Empleado,4,,0.47621962565958087,1,Paga a tiempo
5,2026-09-24T20:11:02,60.0,3348564.1410075068,4.0,808.0,1.0,8465297.502096316,1436313.0,511255.0,5.0,0.0,40879.0,1230039.0,0.06594148403192542,Empleado,4,Decreciente,0.45727521292565687,1,Paga a tiempo
5,2026-09-24T20:11:02,54.0,1484854.9598171806,9.0,753.0,1.0,1880023.556309274,707176.0,175230.0,2.0,0.0,2138.0,,0.1128554541629121,Empleado,4,Creciente,0.2983002200934811,1,Paga a tiempo
5,2026-09-24T20:11:02,,4832378.269451397,9.0,,-0.0,10739256.697013061,2831692.0,422216.0,-0.0,,,,0.04894686225813898,Independiente,9,Decreciente,0.5400642515243783,0,No paga a tiempo
5,2026-09-24T20:11:02,34.0,879503.2160088562,6.0,705.0,8.0,2906005.080037709,410291.0,93814.0,7.0,0.0,15990.0,2562277.0,0.04040208544986317,Independiente,68,Decreciente,0.48426959729009855,1,Paga a tiempo
5,2026-09-24T20:11:02,40.0,2596880.6244378607,9.0,798.0,4.0,5966116.696829645,1990255.0,263581.0,9.0,0.0,69885.0,883328.0,0.04429728702482135,Empleado,10,,0.4541301584514511,1,Paga a tiempo
5,2026-09-24T20:11:02,59.0,1661445.316055348,7.0,802.0,5.0,3326005.6332092355,1440500.0,266146.0,5.0,0.0,32304.0,,0.1191795303093293,Independiente,10,Estable,0.40226512494406885,1,Paga a tiempo
5,2026-09-24T20:11:02,27.0,1098465.830159671,9.0,733.0,2.0,3172553.096719039,929204.0,98815.0,7.0,0.0,30258.0,,0.05698412126487914,Independiente,9,Creciente,0.3965529654397786,1,Paga a tiempo
5,2026-09-24T20:11:02,40.0,3958637.9262815733,13.0,733.0,11.0,8249315.309357775,3062568.0,346490.0,8.0,0.0,81071.0,8920656.0,0.04662425252398229,Independiente,4,,0.6912051695540606,0,No paga a tiempo
5,2026-09-24T20:11:02,44.0,2813054.4767568195,5.0,800.0,2.0,3706259.15304615,1798519.0,375816.0,0.0,0.0,,,0.12508892431114035,Empleado,4,Decreciente,0.39780061387917076,1,Paga a tiempo
5,2026-09-24T20:11:02,53.0,1866100.1229621985,12.0,803.0,1.0,1628246.6414662502,0.0,119511.0,3.0,0.0,0.0,808727.0,0.14117533003232072,Independiente,68,Decreciente,0.2914774302723069,1,Paga a tiempo
5,2026-09-24T20:11:02,67.0,1069726.6888699566,6.0,753.0,2.0,2572089.938266794,274641.0,183809.0,2.0,0.0,19852.0,956593.0,0.11784858336401711,Empleado,9,,0.35101467588329127,1,Paga a tiempo
5,2026-09-24T20:11:02,52.0,2026410.689517581,11.0,781.0,-0.0,1853906.761725278,204747.0,120187.0,1.0,0.0,2401.0,,0.10610318616961874,Empleado,10,Creciente,0.2908334284372729,1,Paga a tiempo
5,2026-09-24T20:11:02,47.0,3383577.4352561105,6.0,774.0,3.0,10755542.846141642,1859978.0,489975.0,7.0,0.0,41967.0,1029229.0,0.0527342258875525,Empleado,9,Creciente,0.4160433187943662,1,Paga a tiempo
5,2026-09-24T20:11:02,46.0,2433359.5215556263,4.0,840.0,3.0,8660484.269761989,2637368.0,316991.0,6.0,0.0,64138.0,,0.042867355310054464,Empleado,9,Creciente,0.25624804579794447,1,Paga a tiempo
5,2026-09-24T20:11:02,31.0,2337823.80075806,8.0,729.0,2.0,4281285.021571265,1923032.0,349533.0,2.0,0.0,47655.0,457972.0,0.1138969772600038,Independiente,9,Creciente,0.5263704178201456,0,No paga a tiempo
5,2026-09-24T20:11:02,66.0,3836804.463877604,12.0,739.0,8.0,4722356.915196744,1314190.0,296008.0,6.0,0.0,941.0,890487.0,0.0784715964044664,Empleado,4,Estable,0.5448689832534486,0,No paga a tiempo
5,2026-09-24T20:11:02,22.0,5105237.605415912,9.0,654.0,1.0,,0.0,458923.0,6.0,0.0,35136.0,,,Independiente,9,Decreciente,0.775672523556092,0,No paga a tiempo
5,2026-09-24T20:11:02,28.0,1594701.7755229056,6.0,754.0,0.0,2494271.873877212,199996.0,255801.0,-0.0,0.0,,,0.12577971851079991,Independiente,9,Creciente,0.6075538822847044,0,No paga a tiempo
5,2026-09-24T20:11:02,47.0,3917804.2881859704,24.0,771.0,3.0,4814908.097456704,1458830.0,199244.0,7.0,0.0,100111.0,1588713.0,0.03670287618591488,Independiente,6,Estable,0.27445842735184345,1,Paga a tiempo
5,2026-09-24T20:11:02,27.0,3865628.539711735,24.0,776.0,3.0,5322180.21802049,638801.0,125320.0,1.0,0.0,0.0,1354325.0,0.026274356473426644,Empleado,4,Creciente,0.41454044825322,1,Paga a tiempo
5,2026-09-24T20:11:02,37.0,2197973.9597787475,6.0,752.0,8.0,4386182.086535064,2121494.0,314682.0,3.0,0.0,2679.0,1095703.0,0.09890624260839169,Empleado,4,Decreciente,0.48308745903135664,1,Paga a tiempo
5,2026-09-24T20:11:02,47.0,3472002.5692633344,6.0,786.0,6.0,8229505.341005445,2892342.0,536651.0,3.0,0.0,38906.0,1931968.0,0.06518345509941575,Independiente,10,Creciente,0.6077770170594119,0,No paga a tiempo
5,2026-09-24T20:11:02,57.0,1977605.0248983682,12.0,852.0,6.0,5205244.085391156,762398.0,145913.0,8.0,0.0,29640.0,887987.0,0.039048962504822406,Empleado,9,Creciente,0.44077700871640746,1,Paga a tiempo
5,2026-09-24T20:11:02,45.0,1228703.7083839288,9.0,828.0,-0.0,4429574.841956109,1940692.0,132542.0,8.0,0.0,183213.0,4547990.0,0.025558552176813326,Empleado,6,,0.1133962986327709,1,Paga a tiempo
5,2026-09-24T20:11:02,27.0,1832494.2808778265,6.0,702.0,12.0,5097739.267855521,828407.0,264613.0,6.0,0.0,7570.0,,0.060434290975844025,Independiente,4,Creciente,0.5985698016893717,0,No paga a tiempo
5,2026-09-24T20:11:02,35.0,6759879.512280724,6.0,739.0,3.0,15873243.620280236,5917650.0,977257.0,7.0,0.0,126899.0,1119885.0,0.06120155567500205,Independiente,4,Creciente,0.5444551431475759,0,No paga a tiempo
5,2026-09-24T20:11:02,25.0,1030278.9980160309,11.0,708.0,7.0,4603889.838765245,1740896.0,80584.0,5.0,0.0,0.0,1753695.0,0.03369622126950272,Empleado,9,Estable,0.4731691228244025,1,Paga a tiempo
5,2026-09-24T20:11:02,22.0,1811800.4889997486,3.0,725.0,3.0,3081216.1850740416,0.0,311115.0,4.0,0.0,0.0,218070.0,0.1442797774421897,Independiente,4,,0.7759631301933887,0,No paga a tiempo
5,2026-09-24T20:11:02,27.0,1712328.7196036477,5.0,732.0,8.0,4724603.639939028,1570190.0,267419.0,6.0,0.0,55458.0,3580887.0,0.06124444408027246,Independiente,4,,0.5018470934154516,0,No paga a tiempo
5,2026-09-24T20:11:02,53.0,2897619.758922333,11.0,831.0,1.0,4198687.326829257,437033.0,265816.0,6.0,0.0,18710.0,,0.0753158969006024,Independiente,7,,0.18840137380396327,1,Paga a tiempo
5,2026-09-24T20:11:02,56.0,3663832.4406074733,25.0,717.0,3.0,1900930.2005488174,216698.0,120359.0,4.0,0.0,11376.0,1309626.0,0.13249249261436674,Independiente,9,Decreciente,0.7790019463764188,0,No paga a tiempo
5,2026-09-24T20:11:02,27.0,2252859.668226509,18.0,812.0,1.0,2727432.1847711327,803764.0,98239.0,1.0,0.0,2403.0,2144420.0,0.05966842474486035,Empleado,6,Estable,0.2715725137641004,1,Paga a tiempo
5,2026-09-24T20:11:02,36.0,3120012.2034220155,24.0,767.0,7.0,4180366.636977449,925501.0,136017.0,9.0,0.0,39040.0,1452435.0,0.03560255427558892,Empleado,4,Decreciente,0.43376408612797257,1,Paga a tiempo
5,2026-09-24T20:11:02,62.0,826149.3205382908,7.0,700.0,10.0,6706572.255282249,4234049.0,76534.0,11.0,0.0,139248.0,6878008.0,0.011394180904445383,Independiente,9,Creciente,0.45982213168314745,1,Paga a tiempo
5,2026-09-24T20:11:02,37.0,1009478.3176514225,6.0,748.0,1.0,8346423.872109896,3900951.0,147487.0,13.0,0.0,162160.0,14913924.0,0.017758254775419657,Independiente,68,,0.17053638116429082,1,Paga a tiempo
5,2026-09-24T20:11:02,37.0,2190083.1344927656,10.0,769.0,3.0,2413325.674186827,718964.0,203734.0,3.0,0.0,27081.0,,0.11614088214528813,Independiente,4,Decreciente,0.3326141142774778,1,Paga a tiempo
5,2026-09-24T20:11:02,36.0,4347150.486210531,5.0,750.0,4.0,3760562.697162984,740767.0,695230.0,8.0,0.0,13818.0,,0.2278880551360753,Empleado,4,Estable,0.5035399410012419,0,No paga a tiempo
5,2026-09-24T20:11:02,50.0,2563537.8254865166,12.0,722.0,2.0,5167308.210883081,2173819.0,187221.0,7.0,0.0,14481.0,1016884.0,0.03790285197503524,Independiente,10,Creciente,0.27755711521365867,1,Paga a tiempo
5,2026-09-24T20:11:02,40.0,3034062.0727580437,12.0,738.0,7.0,6666299.560868573,2519829.0,192658.0,8.0,0.0,1983.0,7245639.0,0.03576005372915275,Independiente,4,,0.4733246096567624,1,Paga a tiempo
5,2026-09-24T20:11:02,69.0,2442178.775711861,9.0,,1.0,8732407.583574258,1952076.0,216057.0,0.0,,,21533672.0,0.024150940899521033,Empleado,4,,0.3424470889523775,1,Paga a tiempo
5,2026-09-24T20:11:02,38.0,2021103.113797024,10.0,732.0,4.0,6109253.184935832,1328912.0,187118.0,4.0,0.0,7340.0,811684.0,0.03912988857966636,Independiente,9,,0.6947560062477454,0,No paga a tiempo
5,2026-09-24T20:11:02,52.0,2007848.673532138,9.0,788.0,5.0,4953865.632047008,624246.0,210419.0,8.0,0.0,39879.0,1583670.0,0.0499816104404482,Empleado,9,Estable,0.39621761587403304,1,Paga a tiempo
5,2026-09-24T20:11:02,36.0,4281203.192834128,24.0,745.0,4.0,4295449.541158893,720176.0,169703.0,8.0,0.0,9246.0,4254516.0,0.05190733503885092,Empleado,9,Decreciente,0.412825837364433,1,Paga a tiempo
5,2026-09-24T20:11:02,32.0,1661981.2893544778,10.0,801.0,5.0,4707712.423398978,2507102.0,123971.0,8.0,0.0,75903.0,1398971.0,0.034001136255065054,Independiente,4,Estable,0.48683796703038096,1,Paga a tiempo
5,2026-09-24T20:11:02,57.0,1550745.174680817,8.0,796.0,4.0,3859820.6202211934,1639038.0,134788.0,2.0,0.0,11180.0,1238313.0,0.05370657827793014,Independiente,4,,0.42223053136562627,1,Paga a tiempo
5,2026-09-24T20:11:02,26.0,4517687.74792355,12.0,674.0,18.0,5523441.372174151,1473459.0,372177.0,11.0,0.0,27944.0,1533895.0,0.07557826179864541,Empleado,4,,0.7143170815549156,0,No paga a tiempo
5,2026-09-24T20:11:02,55.0,3135393.9165093093,6.0,798.0,4.0,8040332.020990474,1729099.0,498680.0,3.0,0.0,1060.0,810989.0,0.07365877244584805,Empleado,68,Creciente,0.6476433206820635,0,No paga a tiempo
5,2026-09-24T20:11:02,28.0,3332067.61108096,11.0,707.0,5.0,2781607.70866666,302357.0,249808.0,3.0,0.0,5398.0,2013707.0,0.11395954035755967,Empleado,4,Creciente,0.4027876870760715,1,Paga a tiempo
5,2026-09-24T20:11:02,28.0,2385256.204299244,5.0,804.0,7.0,2073083.0876108883,405184.0,341141.0,2.0,0.0,4991.0,1148772.0,0.2200392498449132,Independiente,7,Decreciente,0.5191626892925352,0,No paga a tiempo
5,2026-09-24T20:11:02,52.0,2282810.000092198,7.0,668.0,5.0,10212894.335045481,1846332.0,320361.0,12.0,0.0,226622.0,895887.0,0.036319396641542344,Empleado,7,Decreciente,0.592393459997729,0,No paga a tiempo
5,2026-09-24T20:11:02,38.0,3795802.0289664897,6.0,769.0,0.0,3841141.3459377894,376120.0,538632.0,3.0,0.0,14506.0,,0.17537476945680602,Independiente,4,Creciente,0.5914037703160535,0,No paga a tiempo
5,2026-09-24T20:11:02,60.0,3668839.7600890873,6.0,846.0,2.0,4057798.0008113,2172835.0,539017.0,8.0,0.0,152223.0,6310249.0,0.15130633213529168,Independiente,4,Decreciente,0.33032569628809605,1,Paga a tiempo
5,2026-09-24T20:11:02,54.0,1745736.881444114,6.0,805.0,2.0,2350846.4396875263,842896.0,234131.0,4.0,0.0,0.0,1793386.0,0.14773837340567345,Empleado,4,Decreciente,0.2755814012073472,1,Paga a tiempo
5,2026-09-24T20:11:02,55.0,1418203.9567126208,6.0,774.0,4.0,11182258.213496264,4422398.0,200201.0,9.0,0.0,101331.0,1377396.0,0.021214662550756592,Empleado,10,Creciente,0.43696261786796065,1,Paga a tiempo
5,2026-09-24T20:11:02,36.0,1437009.7174503515,6.0,742.0,2.0,2864872.2733263066,604675.0,183739.0,3.0,0.0,32829.0,,0.09527879780039891,Independiente,9,,0.3390735189604951,1,Paga a tiempo
5,2026-09-24T20:11:02,48.0,2400021.7612743024,10.0,741.0,3.0,7119858.100004179,2196507.0,175506.0,11.0,0.0,34372.0,,0.033754203795126836,Empleado,4,Estable,0.4700926867602736,1,Paga a tiempo
5,2026-09-24T20:11:02,30.0,1787744.5396856125,11.0,715.0,2.0,2384426.166460796,174256.0,162202.0,5.0,0.0,12204.0,1202884.0,0.13495726128849742,Empleado,4,Decreciente,0.4039183056976656,1,Paga a tiempo
5,2026-09-24T20:11:02,32.0,905164.596190673,1.0,796.0,7.0,5983907.92772753,1937668.0,306326.0,5.0,0.0,55151.0,788439.0,0.059112390116759186,Empleado,4,,0.6351855295177906,0,No paga a tiempo
5,2026-09-24T20:11:02,36.0,1208256.023045482,10.0,705.0,3.0,3945962.9308534316,557585.0,136810.0,9.0,0.0,27587.0,1780124.0,0.03451995713087504,Independiente,10,Creciente,0.38365601256341764,1,Paga a tiempo
5,2026-09-24T20:11:02,30.0,2804464.1777265137,12.0,707.0,4.0,21285026.52274481,4797790.0,182007.0,9.0,0.0,494687.0,8822599.0,0.01279778642253236,Independiente,9,Estable,0.16132323249990543,1,Paga a tiempo
5,2026-09-24T20:11:02,61.0,2412310.9323749198,5.0,764.0,2.0,5441601.012406858,970728.0,305119.0,6.0,0.0,12759.0,499266.0,0.06483201410794101,Empleado,4,Decreciente,0.45553046103365835,1,Paga a tiempo
5,2026-09-24T20:11:02,66.0,1581020.4612354622,6.0,811.0,3.0,3310112.7523420616,1348072.0,284221.0,2.0,0.0,2421.0,2184845.0,0.13230561571409222,Independiente,4,,0.390016828578155,1,Paga a tiempo
5,2026-09-24T20:11:02,38.0,3038950.5603984287,9.0,787.0,4.0,5989656.09448053,1967119.0,306911.0,7.0,0.0,80803.0,774936.0,0.06250717823708664,Empleado,4,,0.4958548421209402,1,Paga a tiempo
5,2026-09-24T20:11:02,46.0,4213632.623618131,7.0,691.0,4.0,7963583.645728821,2055171.0,642231.0,4.0,0.0,63962.0,7422265.0,0.0944620462289814,Empleado,9,Decreciente,0.36798533719130233,1,Paga a tiempo
5,2026-09-24T20:11:02,35.0,536930.2224287791,5.0,711.0,2.0,4323344.861777283,698727.0,92766.0,2.0,0.0,0.0,,0.03150589432100906,Independiente,9,,0.3428242464593685,1,Paga a tiempo
5,2026-09-24T20:11:02,36.0,1485066.5508840391,5.0,770.0,5.0,2520230.2082013073,599108.0,213639.0,6.0,0.0,5414.0,,0.10876345414008479,Empleado,10,,0.34098242477538443,1,Paga a tiempo
5,2026-09-24T20:11:02,41.0,1378015.8571500618,12.0,690.0,4.0,2168443.154159147,652910.0,74789.0,9.0,0.0,28144.0,,0.059389751035258266,Empleado,9,,0.44454062231474734,1,Paga a tiempo
5,2026-09-24T20:11:02,26.0,1226886.2339592623,24.0,652.0,5.0,2985963.995990295,576455.0,63841.0,6.0,0.0,5563.0,1152723.0,0.030428906719122982,Empleado,4,Estable,0.6081768103022402,0,No paga a tiempo
5,2026-09-24T20:11:02,42.0,6705091.736647765,6.0,761.0,4.0,13086946.02655823,8727055.0,988869.0,11.0,0.0,689866.0,1002312.0,0.08119806899201985,Empleado,4,Decreciente,0.497725530968553,1,Paga a tiempo
5,2026-09-24T20:11:02,54.0,2320527.1230996503,10.0,615.0,8.0,3999651.009468688,908833.0,189620.0,17.0,115.0,73002.0,2162767.0,0.05510971629949121,Independiente,6,,0.8497237595488665,0,No paga a tiempo
5,2026-09-24T20:11:02,49.0,1741891.0092382084,11.0,805.0,3.0,4488757.401761019,1201403.0,113426.0,5.0,0.0,81147.0,1009337.0,0.03426320058070656,Independiente,4,Creciente,0.22780859096688444,1,Paga a tiempo
5,2026-09-24T20:11:02,49.0,1875870.419429415,7.0,806.0,4.0,4262678.370028546,1275785.0,320849.0,5.0,0.0,2566.0,1180966.0,0.0983736762707267,Independiente,4,Estable,0.2555447912421649,1,Paga a tiempo
5,2026-09-24T20:11:02,65.0,741397.2246392835,6.0,837.0,-0.0,1656833.9621137676,355669.0,124236.0,6.0,0.0,2910.0,1053689.0,0.11553090324687805,Independiente,9,,0.1579784564247193,1,Paga a tiempo
5,2026-09-24T20:11:02,64.0,3159358.496319494,13.0,777.0,3.0,3832981.397570759,1057508.0,224342.0,5.0,0.0,0.0,,0.06490734416636973,Independiente,10,Creciente,0.35254056200451056,1,Paga a tiempo
5,2026-09-24T20:11:02,67.0,2393214.227136955,12.0,872.0,4.0,3829358.123373196,1037492.0,180897.0,12.0,0.0,2987.0,3620346.0,0.05877900983604115,Independiente,6,Creciente,0.23996700689113226,1,Paga a tiempo
5,2026-09-24T20:11:02,32.0,689678.3672321027,5.0,711.0,2.0,2796697.074526195,603313.0,127997.0,2.0,0.0,27252.0,2071911.0,0.06429587905563636,Independiente,4,Creciente,0.2928350889718234,1,Paga a tiempo
5,2026-09-24T20:11:02,52.0,671941.2547882088,7.0,704.0,1.0,7681590.1992966905,3593448.0,146151.0,4.0,0.0,9391.0,,0.01138527347598442,Empleado,6,Estable,0.18817522499891337,1,Paga a tiempo
5,2026-09-24T20:11:02,39.0,2965209.0901907557,6.0,824.0,4.0,16313773.846265294,4934386.0,454258.0,10.0,0.0,22591.0,13091758.0,0.029294786095077102,Empleado,68,Creciente,0.15564509612589394,1,Paga a tiempo
5,2026-09-24T20:11:02,46.0,1169432.7492684922,8.0,775.0,-0.0,3963485.2202079836,778100.0,111209.0,2.0,0.0,26440.0,,0.03576346329895431,Independiente,4,Estable,0.28027695418025034,1,Paga a tiempo
5,2026-09-24T20:11:02,61.0,329762.6052577222,8.0,765.0,0.0,2562639.2272050222,417395.0,59690.0,0.0,0.0,,,0.030582816315317455,Independiente,6,,0.32842168143046724,1,Paga a tiempo
5,2026-09-24T20:11:02,26.0,2985064.478865583,11.0,467.0,12.0,3757029.8647430586,1630914.0,255051.0,5.0,73.0,48856.0,5007255.0,0.09460196321992946,Independiente,7,Creciente,0.7559324042534451,0,No paga a tiempo
5,2026-09-24T20:11:02,52.0,3741590.1559655736,11.0,810.0,0.0,3776991.036557628,973555.0,293477.0,5.0,0.0,27958.0,,0.09693258482821647,Independiente,68,Creciente,0.40703748604436896,1,Paga a tiempo
5,2026-09-24T20:11:02,46.0,14197659.271283483,13.0,863.0,6.0,8820843.937005527,0.0,1120918.0,11.0,0.0,70836.0,8243588.0,0.13583593522188617,Independiente,4,Creciente,0.2221816402794482,1,Paga a tiempo
5,2026-09-24T20:11:02,31.0,1387656.7086968236,12.0,752.0,4.0,2039145.912325981,848095.0,140251.0,0.0,0.0,0.0,1117452.0,0.09273351336482287,Independiente,4,,0.5497218789949976,0,No paga a tiempo
5,2026-09-24T20:11:02,56.0,1335518.5781897174,11.0,799.0,6.0,6303426.509273096,5926495.0,124287.0,12.0,0.0,66957.0,3032945.0,0.00834964018927679,Independiente,9,,0.307950231906169,1,Paga a tiempo
5,2026-09-24T20:11:02,27.0,1863694.6420406026,11.0,717.0,3.0,1964158.0339961965,620216.0,142084.0,5.0,0.0,0.0,1367541.0,0.0935685301525533,Empleado,4,Decreciente,0.4136403254309261,1,Paga a tiempo
5,2026-09-24T20:11:02,43.0,3510912.2852101484,10.0,823.0,3.0,11073359.73679158,5814463.0,273575.0,12.0,0.0,98259.0,2515410.0,0.03128161776626759,Independiente,6,,0.16696204969297157,1,Paga a tiempo
5,2026-09-24T20:11:02,39.0,3969726.1291354136,7.0,767.0,1.0,5545808.411805972,1927180.0,613040.0,12.0,0.0,149428.0,2197133.0,0.13634647359892202,Independiente,4,Creciente,0.37088649237076265,1,Paga a tiempo
5,2026-09-24T20:11:02,58.0,2463382.615300152,11.0,777.0,2.0,6294497.882129639,3760559.0,200187.0,10.0,0.0,134471.0,3596843.0,0.025490792628003987,Empleado,4,,0.1896675967487913,1,Paga a tiempo
5,2026-09-24T20:11:02,62.0,1196049.3518207816,9.0,856.0,6.0,9173360.312121142,7131596.0,81009.0,8.0,0.0,268381.0,3373656.0,0.016348353994785802,Empleado,4,,0.37503102033995717,1,Paga a tiempo
5,2026-09-24T20:11:02,44.0,1489715.423934726,10.0,766.0,4.0,3415732.0261428887,1445306.0,119339.0,1.0,0.0,11802.0,1514394.0,0.043065825098107934,Empleado,4,Estable,0.3689554974898295,1,Paga a tiempo
5,2026-09-24T20:11:02,32.0,542062.9069216978,7.0,651.0,9.0,2987147.654989329,981977.0,75146.0,8.0,0.0,7617.0,2579997.0,0.027163035191809612,Empleado,7,,0.6958157399207192,0,No paga a tiempo
5,2026-09-24T20:11:02,61.0,4555222.56419271,7.0,822.0,3.0,15898631.236826628,7345067.0,658777.0,6.0,0.0,175441.0,1819590.0,0.04089968667259472,Empleado,9,Creciente,0.3827812783616674,1,Paga a tiempo
5,2026-09-24T20:11:02,36.0,2298534.16794705,6.0,794.0,5.0,4192553.606844001,1308286.0,349894.0,8.0,0.0,111723.0,,0.10033463094363905,Empleado,4,Decreciente,0.437888600751119,1,Paga a tiempo
5,2026-09-24T20:11:02,52.0,3691384.3771517645,6.0,768.0,2.0,9902304.797188977,791672.0,529981.0,3.0,0.0,9818.0,,0.05743746182701365,Independiente,7,Estable,0.5426706757824671,0,No paga a tiempo
5,2026-09-24T20:11:02,58.0,1605420.4338475289,12.0,769.0,2.0,4839484.558486023,843787.0,136783.0,5.0,0.0,3411.0,4606959.0,0.03568411697307215,Empleado,9,Estable,0.167212822450861,1,Paga a tiempo
5,2026-09-24T20:11:02,47.0,595346.4835337087,6.0,688.0,5.0,2487987.826774783,623247.0,96398.0,6.0,0.0,7902.0,,0.05661296864404271,Independiente,9,,0.5233716874459213,0,No paga a tiempo
5,2026-09-24T20:11:02,32.0,1225361.7308405363,11.0,723.0,6.0,3028521.436230945,297161.0,89787.0,7.0,0.0,63597.0,3101151.0,0.043728741156646184,Empleado,4,Estable,0.3938744444687732,1,Paga a tiempo
5,2026-09-24T20:11:02,56.0,1836289.1201323045,9.0,810.0,4.0,11591205.793098005,3407511.0,150101.0,11.0,0.0,117011.0,1752814.0,0.015629864225950984,Independiente,4,,0.3207458868073032,1,Paga a tiempo
5,2026-09-24T20:11:02,59.0,1279764.196545413,7.0,729.0,7.0,4633227.522406925,845093.0,182353.0,7.0,0.0,57696.0,,0.046940480930947444,Independiente,7,Estable,0.5441695079767149,0,No paga a tiempo
5,2026-09-24T20:11:02,38.0,1037681.1042563056,7.0,727.0,2.0,2246312.1312552164,912738.0,138385.0,2.0,0.0,6334.0,770177.0,0.08525902689299297,Independiente,4,Creciente,0.37312260152514987,1,Paga a tiempo
5,2026-09-24T20:11:02,56.0,685338.738193656,7.0,740.0,10.0,2774398.9927072763,419089.0,103027.0,6.0,0.0,69265.0,672864.0,0.04729717332336264,Empleado,9,,0.6215957739628881,0,No paga a tiempo
5,2026-09-24T20:11:02,35.0,1846873.6147207608,24.0,751.0,2.0,2682067.492789325,416559.0,84013.0,5.0,0.0,7593.0,,0.0468614869094746,Independiente,7,Creciente,0.5771187308420196,0,No paga a tiempo
5,2026-09-24T20:11:02,50.0,515020.4025146669,6.0,680.0,12.0,3772688.495732549,945674.0,108385.0,7.0,0.0,7079.0,,0.036783606813112976,Empleado,4,,0.6147035054232437,0,No paga a tiempo
5,2026-09-24T20:11:02,36.0,3977423.6210330874,36.0,718.0,7.0,2607825.5237132497,1086475.0,111609.0,7.0,0.0,30319.0,795099.0,0.08174102613163435,Empleado,10,Creciente,0.598763758232941,0,No paga a tiempo
5,2026-09-24T20:11:02,36.0,3860973.482449264,19.0,751.0,7.0,4191884.130825417,347181.0,171363.0,8.0,0.0,60921.0,4448682.0,0.06180079971568727,Empleado,6,Creciente,0.3112628615722324,1,Paga a tiempo
5,2026-09-24T20:11:02,40.0,3039204.6519265617,18.0,698.0,14.0,3832285.221823316,541769.0,144017.0,6.0,0.0,1759.0,2247595.0,0.059774900777870704,Empleado,4,Creciente,0.6601467815720344,0,No paga a tiempo
5,2026-09-24T20:11:02,54.0,4570350.1343825385,12.0,772.0,2.0,6591277.870256325,3057182.0,384084.0,3.0,0.0,0.0,637013.0,0.05468031459259124,Independiente,4,Creciente,0.6097605091713862,0,No paga a tiempo
5,2026-09-24T20:11:02,48.0,1039005.8338583835,6.0,709.0,8.0,2907578.8750295816,1152227.0,153985.0,4.0,0.0,7086.0,,0.0687061040806791,Independiente,4,Decreciente,0.6164607258295176,0,No paga a tiempo
5,2026-09-24T20:11:02,33.0,2733993.369863816,13.0,745.0,5.0,6456860.255289537,2120669.0,233181.0,6.0,0.0,52762.0,7196776.0,0.055484966062125045,Empleado,9,Creciente,0.41131821134536783,1,Paga a tiempo
5,2026-09-24T20:11:02,51.0,1412548.9089877817,3.0,693.0,2.0,6225114.645378488,1951792.0,486386.0,10.0,0.0,86763.0,,0.10108925418842774,Independiente,10,,0.46748942397122306,1,Paga a tiempo
5,2026-09-24T20:11:02,65.0,1208913.0923861223,6.0,767.0,3.0,5485489.972189096,1467157.0,176983.0,4.0,0.0,19828.0,,0.032612649238123737,Empleado,9,Creciente,0.44059718763407785,1,Paga a tiempo
5,2026-09-24T20:11:02,48.0,1033772.0331613821,7.0,810.0,1.0,4038046.00453752,3199465.0,161438.0,7.0,0.0,24498.0,,0.047070243182021396,Empleado,4,Estable,0.24306324685467795,1,Paga a tiempo
5,2026-09-24T20:11:02,61.0,716888.6115626046,12.0,837.0,-0.0,3823592.1634312477,1018511.0,47814.0,8.0,0.0,3868.0,3441670.0,0.022211731221833883,Independiente,68,Creciente,0.11516084783687242,1,Paga a tiempo
5,2026-09-24T20:11:02,38.0,2654424.9012260297,12.0,765.0,3.0,3552426.585832328,623443.0,248968.0,4.0,0.0,0.0,,0.13243247617112863,Independiente,4,,0.3044746075180317,1,Paga a tiempo
5,2026-09-24T20:11:02,54.0,2508157.0043769553,13.0,838.0,-0.0,4149771.1431814036,2038719.0,199720.0,8.0,0.0,162471.0,,0.05330727936499486,Empleado,7,Estable,0.14272574275511318,1,Paga a tiempo
5,2026-09-24T20:11:02,40.0,2682042.5573721887,13.0,849.0,2.0,3628456.1320009613,454916.0,196708.0,7.0,0.0,28917.0,2392009.0,0.07043165866042851,Independiente,68,,0.14052710049526873,1,Paga a tiempo
5,2026-09-24T20:11:02,36.0,1908837.4369290646,6.0,748.0,1.0,3089384.1457470763,0.0,299394.0,3.0,0.0,6040.0,,0.1335952646632475,Empleado,4,Decreciente,0.4744981798818575,1,Paga a tiempo
5,2026-09-24T20:11:02,47.0,1552738.2752481215,6.0,822.0,2.0,4193782.7691125865,2028361.0,191459.0,4.0,0.0,19343.0,,0.0583051649703997,Empleado,4,,0.158011539462518,1,Paga a tiempo
5,2026-09-24T20:11:02,59.0,2591608.0153876473,7.0,835.0,2.0,2849335.252496904,686675.0,350247.0,1.0,0.0,7919.0,,0.16098444580590301,Empleado,68,,0.465969810539158,1,Paga a tiempo
5,2026-09-24T20:11:02,52.0,3789393.433402302,11.0,792.0,5.0,2860525.2316056862,520928.0,326839.0,1.0,0.0,20165.0,1554555.0,0.2192235219828345,Independiente,4,Decreciente,0.6270333449721699,0,No paga a tiempo
5,2026-09-24T20:11:02,63.0,822476.9974469532,5.0,784.0,4.0,3708527.517544827,1274744.0,132748.0,3.0,0.0,0.0,1413567.0,0.04308304674327913,Empleado,4,Decreciente,0.3331112288019219,1,Paga a tiempo
5,2026-09-24T20:11:02,65.0,2008359.263267024,7.0,862.0,3.0,3214881.022271977,109432.0,216231.0,3.0,0.0,0.0,,0.0830965463150086,Independiente,9,Estable,0.47003515901139814,1,Paga a tiempo
5,2026-09-24T20:11:02,28.0,2522341.6591341593,6.0,777.0,5.0,3132847.9360520723,414877.0,383130.0,3.0,0.0,4071.0,1490954.0,0.16185961777517094,Independiente,4,,0.6449178531046873,0,No paga a tiempo
5,2026-09-24T20:11:02,55.0,5131343.998490457,10.0,832.0,3.0,15665277.198057089,4994465.0,475890.0,6.0,0.0,6095.0,2115795.0,0.03782353943199804,Empleado,4,Creciente,0.20441467113740297,1,Paga a tiempo
5,2026-09-24T20:11:02,57.0,1637076.3156380344,13.0,763.0,2.0,2731420.1064094575,483896.0,161251.0,2.0,0.0,2296.0,2448723.0,0.05960901213248066,Empleado,10,,0.15261198986401137,1,Paga a tiempo
5,2026-09-24T20:11:02,32.0,2462676.6620615176,10.0,802.0,2.0,2775104.9969965755,791318.0,202060.0,2.0,0.0,10985.0,4613304.0,0.11228112131338402,Empleado,4,,0.19636936720005682,1,Paga a tiempo
5,2026-09-24T20:11:02,57.0,2716877.3747902457,12.0,778.0,1.0,3964000.9051281405,336952.0,216388.0,6.0,0.0,4476.0,,0.06750711066280825,Empleado,9,Creciente,0.25695886703337634,1,Paga a tiempo
5,2026-09-24T20:11:02,56.0,997594.3403181997,6.0,738.0,5.0,4443666.0317228045,2235163.0,101427.0,3.0,0.0,5175.0,,0.03829249809287544,Independiente,4,Estable,0.5820994676403781,0,No paga a tiempo
5,2026-09-24T20:11:02,45.0,2661941.401918948,11.0,786.0,5.0,3962720.4292833013,1932530.0,199045.0,6.0,0.0,14670.0,3933175.0,0.0699996930957278,Independiente,7,Estable,0.3340639649835666,1,Paga a tiempo
5,2026-09-24T20:11:02,40.0,3360172.624763351,8.0,821.0,5.0,2728893.0836311406,564887.0,381907.0,9.0,0.0,21973.0,2196442.0,0.18514300177039172,Empleado,4,Decreciente,0.2791031131530073,1,Paga a tiempo
5,2026-09-24T20:11:02,52.0,456345.9455230688,6.0,686.0,8.0,7253312.191651591,2990813.0,101300.0,29.0,0.0,39388.0,,0.02071742513353124,Independiente,7,Creciente,0.3204242937850006,1,Paga a tiempo
5,2026-09-24T20:11:02,44.0,463699.6950492497,7.0,792.0,6.0,2500639.736143362,321480.0,52664.0,7.0,0.0,42113.0,1997138.0,0.053341374299957604,Independiente,68,,0.4897370213294452,1,Paga a tiempo
5,2026-09-24T20:11:02,44.0,3553258.1111262506,5.0,757.0,3.0,2734660.401850691,3030681.0,503392.0,3.0,0.0,0.0,1230465.0,0.2712837266886066,Independiente,4,Creciente,0.5480809432135967,0,No paga a tiempo
5,2026-09-24T20:11:02,57.0,687658.1581429698,7.0,716.0,9.0,2268447.2598160366,686080.0,132825.0,5.0,0.0,11443.0,1409580.0,0.10722776318961381,Independiente,9,Estable,0.49519109237825476,1,Paga a tiempo
5,2026-09-24T20:11:02,22.0,836274.3628176552,12.0,692.0,8.0,3350153.5675847684,791242.0,56348.0,5.0,0.0,19294.0,,0.03136365992375887,Empleado,68,Creciente,0.5439571907277134,0,No paga a tiempo
5,2026-09-24T20:11:02,60.0,524149.09131758555,7.0,773.0,2.0,4705024.759166457,2177770.0,104134.0,2.0,0.0,10963.0,864154.0,0.01984839624154783,Empleado,4,Decreciente,0.26172465137703516,1,Paga a tiempo
5,2026-09-24T20:11:02,65.0,3524181.300794093,5.0,768.0,2.0,2782316.8520431337,711074.0,557299.0,2.0,0.0,0.0,961757.0,0.24278882527079654,Independiente,9,Estable,0.48454458501935027,1,Paga a tiempo
5,2026-09-24T20:11:02,59.0,1204555.282243225,7.0,815.0,2.0,1957232.4812765536,656173.0,168689.0,3.0,0.0,43260.0,959978.0,0.1495353810755841,Empleado,68,Decreciente,0.23058614197132454,1,Paga a tiempo
5,2026-09-24T20:11:02,33.0,4346478.732234608,36.0,736.0,1.0,4027391.302119837,356329.0,181954.0,3.0,0.0,7558.0,,0.054994324107393605,Empleado,7,Estable,0.6855433272191862,0,No paga a tiempo
5,2026-09-24T20:11:02,46.0,4871095.369579995,5.0,765.0,6.0,6554630.978488612,2682583.0,723731.0,9.0,0.0,68752.0,898767.0,0.13139281388339397,Empleado,4,Estable,0.6589291446284037,0,No paga a tiempo
5,2026-09-24T20:11:02,40.0,2781812.352000992,6.0,797.0,2.0,4108086.775511644,579037.0,360555.0,4.0,0.0,42912.0,,0.14500348383432354,Independiente,6,Decreciente,0.40599670506491203,1,Paga a tiempo
5,2026-09-24T20:11:02,63.0,1774346.2223662862,6.0,813.0,6.0,6642407.636487069,4370110.0,237721.0,6.0,0.0,58866.0,1264321.0,0.043281449648609215,Independiente,4,Decreciente,0.5345300240131381,0,No paga a tiempo
5,2026-09-24T20:11:02,29.0,1264721.8820238635,6.0,708.0,4.0,1979221.8613716098,457783.0,164436.0,4.0,0.0,3691.0,1064289.0,0.1229878302458168,Independiente,68,,0.6862659301167591,0,No paga a tiempo
5,2026-09-24T20:11:02,36.0,702006.6337846736,6.0,734.0,10.0,4946332.720423908,1184544.0,116741.0,10.0,0.0,196437.0,3893020.0,0.020938267826155304,Independiente,4,Creciente,0.3742170880456793,1,Paga a tiempo
5,2026-09-24T20:11:02,29.0,1232110.5375003165,6.0,740.0,10.0,3970123.565744084,1427033.0,182230.0,5.0,0.0,91940.0,,0.06270611703322239,Empleado,4,Creciente,0.7140537506733808,0,No paga a tiempo
5,2026-09-24T20:11:02,,10228893.654101664,12.0,,-0.0,20054235.119934466,18550682.0,890899.0,0.0,,,,0.04496498565144704,Independiente,9,,0.5430002070788977,0,No paga a tiempo
5,2026-09-24T20:11:02,48.0,3346636.1115564164,10.0,737.0,5.0,2603654.1971911895,639658.0,272897.0,3.0,0.0,314.0,,0.13659784412100978,Empleado,68,Creciente,0.49337128414249953,1,Paga a tiempo
5,2026-09-24T20:11:02,34.0,1794997.756324774,9.0,,1.0,4475115.162644631,2163880.0,160963.0,10.0,0.0,76853.0,,0.03377644518728258,Empleado,4,Estable,0.2509737832971195,1,Paga a tiempo
5,2026-09-24T20:11:02,47.0,4978499.320367444,9.0,801.0,2.0,9003854.70309794,2763213.0,455754.0,7.0,0.0,47869.0,933592.0,0.04837259378785665,Empleado,9,Decreciente,0.3422313194618637,1,Paga a tiempo
5,2026-09-24T20:11:02,46.0,2745727.453358161,14.0,731.0,13.0,2029052.4677568148,738695.0,177433.0,14.0,0.0,0.0,,0.1347621893430254,Independiente,9,Decreciente,0.5128917089337179,0,No paga a tiempo
5,2026-09-24T20:11:02,41.0,857357.5428002733,8.0,788.0,5.0,5159872.8718750905,1818096.0,85492.0,8.0,0.0,179762.0,153686.0,0.01732882489861063,Independiente,9,Creciente,0.5407878447323768,0,No paga a tiempo
5,2026-09-24T20:11:02,26.0,1215459.630267336,12.0,677.0,3.0,2274043.196173582,594802.0,117767.0,4.0,0.0,8977.0,877734.0,0.06687825633875864,Independiente,9,Creciente,0.615730007303058,0,No paga a tiempo
5,2026-09-24T20:11:02,37.0,2091532.4991865908,11.0,704.0,9.0,3349489.988039906,927631.0,193501.0,20.0,0.0,55740.0,2085441.0,0.07507113177624417,Independiente,7,Creciente,0.5210536132100216,0,No paga a tiempo
5,2026-09-24T20:11:02,46.0,597761.1079336758,11.0,706.0,6.0,4217608.562083534,2171870.0,51675.0,4.0,0.0,0.0,1411223.0,0.016668716635176578,Independiente,9,Creciente,0.41895867871715253,1,Paga a tiempo
5,2026-09-24T20:11:02,32.0,2333727.2016412807,24.0,784.0,4.0,2299310.4297230174,228595.0,121871.0,3.0,0.0,29640.0,1455417.0,0.0632453712929966,Empleado,9,Creciente,0.6638810022058876,0,No paga a tiempo
5,2026-09-24T20:11:02,60.0,528135.0632900966,6.0,763.0,4.0,6593484.3679202525,3813649.0,103119.0,9.0,0.0,38778.0,1754250.0,0.017375150418281433,Independiente,4,,0.34410691279366423,1,Paga a tiempo
5,2026-09-24T20:11:02,57.0,1865092.762479991,12.0,738.0,-0.0,2948100.233839719,327364.0,105718.0,2.0,0.0,13731.0,1117214.0,0.06297886020727535,Independiente,68,,0.3034448535248657,1,Paga a tiempo
5,2026-09-24T20:11:02,34.0,1046496.8309478166,8.0,863.0,5.0,3277893.577709038,1404139.0,65153.0,6.0,0.0,3457.0,,0.02384200500162232,Empleado,4,Creciente,0.23269366785844126,1,Paga a tiempo
5,2026-09-24T20:11:02,41.0,4768574.628514879,18.0,785.0,0.0,2076472.9667529166,671599.0,245499.0,6.0,0.0,69553.0,1617150.0,0.21676441639280272,Empleado,7,Creciente,0.32851060020668965,1,Paga a tiempo
5,2026-09-24T20:11:02,31.0,1830406.9504231717,6.0,730.0,1.0,3007165.276598888,909823.0,263701.0,1.0,0.0,0.0,1069553.0,0.09282556071580929,Independiente,7,Creciente,0.5356469365617719,0,No paga a tiempo
5,2026-09-24T20:11:02,33.0,2722619.57351764,12.0,806.0,5.0,3583512.7228600574,976691.0,145152.0,5.0,0.0,305669.0,2454696.0,0.0672354204425565,Independiente,4,,0.4392654472960391,1,Paga a tiempo
5,2026-09-24T20:11:02,30.0,2585813.6619519317,9.0,725.0,6.0,8100677.719446158,3974833.0,193332.0,10.0,0.0,34778.0,,0.023150339423136792,Empleado,68,Creciente,0.6191328987203033,0,No paga a tiempo
5,2026-09-24T20:11:02,40.0,4902239.841784204,12.0,813.0,3.0,3858409.9986138,785074.0,362601.0,4.0,0.0,8676.0,1216479.0,0.12139675584842745,Independiente,4,Creciente,0.4023290806722116,1,Paga a tiempo
5,2026-09-24T20:11:02,28.0,2504421.981565042,5.0,735.0,6.0,2842592.905256201,823651.0,375580.0,6.0,0.0,11646.0,,0.17341200116883765,Empleado,4,Creciente,0.6964342488830847,0,No paga a tiempo
5,2026-09-24T20:11:02,55.0,962960.9449027122,4.0,778.0,2.0,2098794.53120536,283170.0,172362.0,4.0,0.0,7168.0,913621.0,0.14699376914052967,Independiente,68,Creciente,0.36211766919493227,1,Paga a tiempo
5,2026-09-24T20:11:02,36.0,2728971.5260423054,12.0,713.0,5.0,3452021.859470939,560346.0,197658.0,11.0,0.0,12350.0,1016529.0,0.08838514977985075,Independiente,9,Creciente,0.48477465272450826,1,Paga a tiempo
5,2026-09-24T20:11:02,63.0,2969074.1634085746,9.0,792.0,7.0,3310155.983587857,1071571.0,269263.0,3.0,0.0,67721.0,3606946.0,0.08718995199223638,Empleado,4,,0.40954318810549895,1,Paga a tiempo
5,2026-09-24T20:11:02,26.0,2414695.284546824,11.0,677.0,7.0,3872763.4738251194,981117.0,155266.0,9.0,0.0,11056.0,1067205.0,0.06218689882959217,Empleado,6,Decreciente,0.5253035999944407,0,No paga a tiempo
5,2026-09-24T20:11:02,31.0,6538203.539493947,5.0,835.0,1.0,7858246.858297965,3960559.0,952412.0,3.0,0.0,19155.0,,0.1411264395346184,Independiente,4,,0.5472944370146289,0,No paga a tiempo
5,2026-09-24T20:11:02,31.0,1262442.7856063978,8.0,785.0,6.0,3560986.651499624,2036721.0,123913.0,2.0,0.0,0.0,2070368.0,0.05776757063687748,Independiente,68,Creciente,0.5356100800551914,0,No paga a tiempo
5,2026-09-24T20:11:02,33.0,1476039.529738685,12.0,749.0,4.0,2673896.150088277,3387.0,106480.0,9.0,0.0,595.0,553791.0,0.053707871392853046,Empleado,4,,0.5920854891786159,0,No paga a tiempo
5,2026-09-24T20:11:02,41.0,1155226.7061081617,6.0,792.0,8.0,5852762.789284704,1307425.0,184879.0,7.0,0.0,522.0,,0.03840161586954392,Independiente,4,Creciente,0.4799702166955646,1,Paga a tiempo
5,2026-09-24T20:11:02,41.0,498440.7948919632,6.0,708.0,8.0,6178999.298228919,1111647.0,94109.0,6.0,0.0,19623.0,3365281.0,0.023416894509694315,Empleado,9,Estable,0.4162989625976664,1,Paga a tiempo
5,2026-09-24T20:11:02,34.0,366098.955599699,4.0,703.0,11.0,2305172.6943513923,166005.0,91925.0,9.0,0.0,6427.0,1422413.0,0.05447753991799067,Empleado,7,Estable,0.48271537233661543,1,Paga a tiempo
5,2026-09-24T20:11:02,18.0,899698.3069511008,4.0,715.0,5.0,5649237.745666442,1939544.0,182584.0,3.0,0.0,11317.0,,0.03667607814337105,Independiente,68,Decreciente,0.8108102465836997,0,No paga a tiempo
5,2026-09-24T20:11:02,34.0,4215935.977171078,6.0,833.0,1.0,2212969.945098553,764479.0,672001.0,3.0,0.0,18231.0,1209576.0,0.33674956803509115,Empleado,4,Creciente,0.11834854746368428,1,Paga a tiempo
5,2026-09-24T20:11:02,40.0,3576725.2802728335,11.0,729.0,6.0,4896838.816247003,1172728.0,291392.0,10.0,0.0,8391.0,805647.0,0.08012366559140043,Empleado,10,Creciente,0.6152572629044759,0,No paga a tiempo
5,2026-09-24T20:11:02,42.0,565457.7101839271,7.0,696.0,1.0,3363161.911593867,1357612.0,92334.0,2.0,0.0,0.0,941527.0,0.032230125798711734,Empleado,6,,0.21521742542411626,1,Paga a tiempo
5,2026-09-24T20:11:02,47.0,1141487.5106314975,10.0,789.0,2.0,4578741.266859639,2319421.0,94789.0,3.0,0.0,16490.0,2995688.0,0.02794994573069657,Independiente,6,Creciente,0.25711096294455127,1,Paga a tiempo
5,2026-09-24T20:11:02,26.0,3133275.2354164342,10.0,758.0,2.0,4062849.5076580257,750659.0,267381.0,2.0,0.0,22807.0,2869288.0,0.0820252073579553,Independiente,4,Creciente,0.2500363449957601,1,Paga a tiempo
5,2026-09-24T20:11:02,56.0,1313924.8248596962,5.0,705.0,5.0,5917958.832396879,1941952.0,222852.0,13.0,0.0,199758.0,2224984.0,0.05786553335931438,Independiente,4,,0.5200956689047205,0,No paga a tiempo
5,2026-09-24T20:11:02,31.0,4090436.4827695205,6.0,814.0,3.0,6706898.701144923,1730509.0,559321.0,5.0,0.0,79155.0,7711629.0,0.0955508180208315,Empleado,4,Creciente,0.23853376332480247,1,Paga a tiempo
5,2026-09-24T20:11:02,68.0,1537350.210623361,11.0,733.0,4.0,3694584.22634954,1351914.0,141680.0,5.0,0.0,27999.0,,0.04559488305252124,Independiente,4,Decreciente,0.3915718170471325,1,Paga a tiempo
5,2026-09-24T20:11:02,52.0,2363095.159144793,13.0,836.0,3.0,4805946.345617998,355843.0,202870.0,3.0,0.0,3367.0,,0.049877989636980785,Independiente,9,,0.32908186769752856,1,Paga a tiempo
5,2026-09-24T20:11:02,48.0,1401207.5831617087,6.0,796.0,4.0,3860208.7425738373,326558.0,198983.0,4.0,0.0,14525.0,546226.0,0.0704342098221248,Empleado,4,,0.44906970631996157,1,Paga a tiempo
5,2026-09-24T20:11:02,51.0,2581325.254822731,5.0,621.0,2.0,7372568.80673362,5220250.0,473608.0,10.0,0.0,143076.0,4764141.0,0.06919562931971229,Empleado,4,,0.23676502370906827,1,Paga a tiempo
5,2026-09-24T20:11:02,23.0,2248152.6886547906,12.0,727.0,5.0,1922070.3181278203,0.0,184432.0,3.0,0.0,9485.0,1247616.0,0.11155148119668326,Independiente,4,Creciente,0.5642858105760326,0,No paga a tiempo
5,2026-09-24T20:11:02,43.0,2422014.5468700835,7.0,821.0,1.0,11008423.614619289,2881104.0,342893.0,13.0,0.0,275544.0,9440234.0,0.03287228418662738,Independiente,7,Decreciente,0.18619975816363465,1,Paga a tiempo
5,2026-09-24T20:11:02,53.0,3936659.3475882187,6.0,818.0,2.0,6485790.590787225,2480685.0,540692.0,10.0,0.0,164891.0,5749279.0,0.0985319183726021,Empleado,68,Estable,0.2908942352464573,1,Paga a tiempo
5,2026-09-24T20:11:02,50.0,3134095.189096175,11.0,764.0,5.0,3216374.7713874225,248695.0,282099.0,4.0,0.0,6282.0,812254.0,0.09943119486711892,Empleado,7,,0.5073841545352966,0,No paga a tiempo
5,2026-09-24T20:11:02,32.0,3523654.569852267,6.0,753.0,3.0,4294854.117446722,756504.0,518666.0,1.0,0.0,1102.0,1631488.0,0.16019446305412544,Empleado,9,Creciente,0.5147103644820481,0,No paga a tiempo
5,2026-09-24T20:11:02,37.0,6139720.087547242,36.0,758.0,7.0,5525884.421167569,198086.0,214817.0,4.0,0.0,0.0,4944833.0,0.04940517084788033,Empleado,4,Decreciente,0.16901538712485864,1,Paga a tiempo
5,2026-09-24T20:11:02,63.0,2617486.513823218,8.0,775.0,7.0,4700057.245733508,1329587.0,330012.0,6.0,0.0,5404.0,,0.08517376247112936,Independiente,9,,0.507543865678379,0,No paga a tiempo
5,2026-09-24T20:11:02,38.0,1124485.0268604406,8.0,740.0,5.0,2549237.723457445,285189.0,113018.0,4.0,0.0,1253.0,1944861.0,0.0666331725305652,Independiente,4,Estable,0.5110695061247381,0,No paga a tiempo
5,2026-09-24T20:11:02,62.0,578643.9954777423,5.0,759.0,2.0,3752987.083582059,447859.0,79035.0,9.0,0.0,77885.0,760860.0,0.046712722373939364,Empleado,4,,0.18960747872949912,1,Paga a tiempo
5,2026-09-24T20:11:02,35.0,3143325.281652024,8.0,738.0,7.0,2175904.41671145,3327989.0,368377.0,4.0,0.0,130464.0,1013116.0,0.24054746993547899,Empleado,9,Decreciente,0.5859060263449442,0,No paga a tiempo
5,2026-09-24T20:11:02,43.0,1812057.9553983689,11.0,799.0,7.0,3316573.582547068,652820.0,155556.0,5.0,0.0,54537.0,702808.0,0.04822399858743399,Empleado,10,,0.41091752343182586,1,Paga a tiempo
5,2026-09-24T20:11:02,33.0,2031492.304560428,12.0,663.0,8.0,1855723.4645843473,329255.0,167315.0,5.0,0.0,13995.0,0.0,0.14019618768347838,Empleado,9,Creciente,0.6833867821116238,0,No paga a tiempo
5,2026-09-24T20:11:02,30.0,1957194.4710890073,5.0,732.0,6.0,7327880.31304355,1961059.0,266330.0,6.0,0.0,30479.0,820074.0,0.048463472880294386,Empleado,4,,0.7143819608676867,0,No paga a tiempo
5,2026-09-24T20:11:02,41.0,824142.8576382127,7.0,733.0,3.0,7593214.832747219,1909536.0,122361.0,7.0,0.0,96061.0,1356532.0,0.02168686806945907,Empleado,4,Creciente,0.4185969719521738,1,Paga a tiempo
5,2026-09-24T20:11:02,35.0,989247.8449385094,6.0,679.0,13.0,5674777.980903852,2306516.0,143719.0,6.0,0.0,6875.0,,0.02412042074506382,Empleado,68,,0.6862375234613101,0,No paga a tiempo
5,2026-09-24T20:11:02,47.0,3285193.836368311,6.0,778.0,4.0,5010617.122678101,1710126.0,488866.0,12.0,0.0,277823.0,1571867.0,0.12087138880371703,Independiente,68,Creciente,0.4703947879896021,1,Paga a tiempo
5,2026-09-24T20:11:02,24.0,1339957.4967177247,11.0,689.0,19.0,3272065.942691176,529212.0,97001.0,3.0,0.0,9276.0,1159491.0,0.05412334286385651,Empleado,4,,0.3467159630212743,1,Paga a tiempo
5,2026-09-24T20:11:02,30.0,1887079.787421628,12.0,764.0,2.0,2403458.396676398,413671.0,153440.0,0.0,0.0,2705.0,1365737.0,0.07334857516015904,Independiente,4,Estable,0.5105298534045621,0,No paga a tiempo
5,2026-09-24T20:11:02,61.0,2627327.6590285376,12.0,780.0,1.0,2922615.959010722,705582.0,202015.0,4.0,0.0,14631.0,,0.10438083484692623,Empleado,7,Estable,0.2140773052484365,1,Paga a tiempo
5,2026-09-24T20:11:02,35.0,1066298.9442903332,7.0,758.0,3.0,2758357.973587178,1331557.0,104722.0,7.0,0.0,20945.0,1021518.0,0.058715690965368036,Independiente,4,Creciente,0.24612823097361003,1,Paga a tiempo
5,2026-09-24T20:11:02,36.0,3951591.574351775,36.0,729.0,3.0,4824183.4546023365,1071037.0,151677.0,10.0,0.0,63497.0,2811067.0,0.031933448135882045,Independiente,4,Estable,0.2312775085023029,1,Paga a tiempo
5,2026-09-24T20:11:02,61.0,7123683.240115015,36.0,800.0,3.0,3684935.7253394485,120549.0,203829.0,9.0,0.0,38497.0,1894587.0,0.08900895849093152,Empleado,4,Estable,0.5867907349198114,0,No paga a tiempo
5,2026-09-24T20:11:02,42.0,1677834.397680375,12.0,765.0,4.0,2024604.6137087378,423940.0,98505.0,5.0,0.0,423.0,843487.0,0.08347271967924474,Independiente,4,Estable,0.4075192313828644,1,Paga a tiempo
5,2026-09-24T20:11:02,41.0,1648791.5182584473,5.0,715.0,4.0,13016215.406464456,3999595.0,267760.0,26.0,0.0,264907.0,780327.0,0.020784898506462427,Independiente,9,Creciente,0.4123565695812117,1,Paga a tiempo
5,2026-09-24T20:11:02,42.0,2480434.27324988,12.0,769.0,5.0,4056490.4652341325,1429810.0,194344.0,4.0,0.0,20897.0,1749052.0,0.0541855335430056,Independiente,4,Estable,0.33708015136893044,1,Paga a tiempo
5,2026-09-24T20:11:02,56.0,1050583.9112358426,8.0,787.0,2.0,5996863.384906885,2864127.0,90396.0,4.0,0.0,17670.0,1372864.0,0.01554273666496691,Empleado,4,Creciente,0.298390225862724,1,Paga a tiempo
5,2026-09-24T20:11:02,52.0,2801605.3104283796,9.0,787.0,3.0,7717549.623450566,1903476.0,197348.0,8.0,0.0,141801.0,,0.03510561216837948,Empleado,9,Estable,0.37081782183134193,1,Paga a tiempo
5,2026-09-24T20:11:02,46.0,676504.9794156706,6.0,835.0,3.0,4093529.1959345415,974435.0,153836.0,5.0,0.0,76441.0,3386898.0,0.038622064240115786,Independiente,7,Decreciente,0.15434663139010074,1,Paga a tiempo
5,2026-09-24T20:11:02,46.0,4002454.1559699234,4.0,674.0,5.0,23070433.897392534,8155498.0,666414.0,13.0,0.0,4905.0,,0.029228284413861532,Independiente,4,Creciente,0.4558904630540752,1,Paga a tiempo
5,2026-09-24T20:11:02,45.0,2149889.5266214716,24.0,791.0,5.0,2450076.234632976,275632.0,101520.0,11.0,0.0,9303.0,1928564.0,0.048108879566450324,Empleado,9,Decreciente,0.5669614062626036,0,No paga a tiempo
5,2026-09-24T20:11:02,31.0,6649965.397550732,37.0,716.0,3.0,9497011.993309977,2123622.0,212749.0,31.0,0.0,57319.0,1800032.0,0.013375391560574108,Empleado,9,,0.283431808281578,1,Paga a tiempo
5,2026-09-24T20:11:02,47.0,4934334.278768954,30.0,833.0,1.0,7422545.549075541,1193711.0,201842.0,7.0,0.0,38198.0,3036224.0,0.03183714296459868,Independiente,9,Creciente,0.16896249499268556,1,Paga a tiempo
5,2026-09-24T20:11:02,45.0,1771095.2051937107,8.0,751.0,3.0,5019808.777206787,1999253.0,143770.0,12.0,0.0,134459.0,1466442.0,0.046225320588906216,Independiente,9,Estable,0.4156857882232692,1,Paga a tiempo
5,2026-09-24T20:11:02,38.0,2028222.5620100508,5.0,791.0,1.0,5490656.797820346,3025306.0,273750.0,10.0,0.0,24892.0,975899.0,0.0638160979340997,Independiente,10,Decreciente,0.24920114020684658,1,Paga a tiempo
5,2026-09-24T20:11:02,46.0,5317908.220192852,10.0,681.0,1.0,2851154.8489306984,801672.0,470145.0,2.0,0.0,6968.0,874625.0,0.24123773316179384,Independiente,4,,0.5117265887328493,0,No paga a tiempo
5,2026-09-24T20:11:02,29.0,5466447.5234951675,24.0,723.0,15.0,8402316.080716396,2603.0,167278.0,11.0,0.0,105101.0,1845530.0,0.01972354989236518,Empleado,9,Creciente,0.7961166680496671,0,No paga a tiempo
5,2026-09-24T20:11:02,31.0,3705920.3182834354,13.0,769.0,2.0,3736664.00849065,809853.0,311409.0,6.0,0.0,3172.0,2315747.0,0.10602570324634158,Empleado,10,Estable,0.25222939121438026,1,Paga a tiempo
5,2026-09-24T20:11:02,40.0,2952698.926375382,10.0,723.0,7.0,10294275.624905111,4417966.0,219356.0,5.0,0.0,20228.0,1884685.0,0.021006900634892602,Empleado,4,,0.4973332569441181,1,Paga a tiempo
5,2026-09-24T20:11:02,25.0,2113492.748720042,24.0,760.0,3.0,3426288.5707211136,186929.0,127716.0,4.0,0.0,1072.0,1162000.0,0.0473348052964456,Independiente,7,Estable,0.5344773813450148,0,No paga a tiempo
5,2026-09-24T20:11:02,31.0,855354.4093499018,6.0,699.0,2.0,2814668.978798876,460365.0,148070.0,2.0,0.0,7302.0,,0.06812715554958196,Empleado,4,Creciente,0.5557565369140706,0,No paga a tiempo
5,2026-09-24T20:11:02,63.0,2516955.5129996436,10.0,853.0,3.0,1874657.7775705159,161429.0,165919.0,7.0,0.0,4301.0,1624535.0,0.12575214236518245,Independiente,4,Estable,0.3163539744636439,1,Paga a tiempo
5,2026-09-24T20:11:02,35.0,5915097.329998612,9.0,737.0,6.0,3587307.154666243,1736920.0,510402.0,4.0,0.0,57702.0,832432.0,0.16843509394361622,Independiente,4,Decreciente,0.7397114757804701,0,No paga a tiempo
5,2026-09-24T20:11:02,33.0,1053126.6103837874,6.0,790.0,5.0,4789525.816766008,1100143.0,183631.0,5.0,0.0,7371.0,2471767.0,0.0511807928168023,Independiente,4,Creciente,0.5041529344376674,0,No paga a tiempo
5,2026-09-24T20:11:02,36.0,752400.9573434321,11.0,706.0,5.0,2876617.832870565,959826.0,56030.0,7.0,0.0,16202.0,1808372.0,0.028031898744605904,Empleado,6,Estable,0.35148271096733363,1,Paga a tiempo
5,2026-09-24T20:11:02,34.0,497028.5459278722,5.0,727.0,8.0,2373892.282439766,16640.0,107695.0,7.0,0.0,14323.0,1158737.0,0.05715230334770909,Empleado,6,Creciente,0.35566729236318906,1,Paga a tiempo
5,2026-09-24T20:11:02,42.0,1336868.4633208637,6.0,788.0,2.0,5090463.54914889,2138444.0,176097.0,3.0,0.0,2922.0,3591434.0,0.04688839480797158,Independiente,4,Decreciente,0.2559871830367547,1,Paga a tiempo
5,2026-09-24T20:11:02,48.0,2410182.6291407095,12.0,704.0,2.0,3450197.3510027756,324949.0,179074.0,7.0,0.0,34706.0,1407949.0,0.0758358565079386,Empleado,4,Creciente,0.2799056698830541,1,Paga a tiempo
5,2026-09-24T20:11:02,64.0,1859100.1221324787,11.0,841.0,2.0,3096107.5699087293,863268.0,148166.0,5.0,0.0,13892.0,1475434.0,0.06350911359468427,Independiente,4,Creciente,0.23022706965573325,1,Paga a tiempo
5,2026-09-24T20:11:02,34.0,3445428.897022009,9.0,734.0,7.0,9754401.177185414,3026656.0,292481.0,8.0,0.0,27896.0,3975782.0,0.02925846239932339,Independiente,9,Decreciente,0.6585855598776589,0,No paga a tiempo
5,2026-09-24T20:11:02,50.0,2245251.3385235076,12.0,766.0,3.0,3996733.5857243156,840173.0,178999.0,7.0,0.0,31766.0,4781957.0,0.06610422857265456,Independiente,4,Creciente,0.21564951395303877,1,Paga a tiempo
5,2026-09-24T20:11:02,41.0,6996400.436803137,12.0,715.0,3.0,10778260.039765446,5922990.0,545277.0,6.0,0.0,63217.0,1912932.0,0.04916729914470475,Empleado,10,Creciente,0.5544608871736706,0,No paga a tiempo
5,2026-09-24T20:11:02,27.0,4082758.405288777,36.0,712.0,12.0,3361331.456849016,476001.0,151825.0,5.0,0.0,22150.0,1782000.0,0.03986060594888442,Independiente,9,,0.771703381203791,0,No paga a tiempo
5,2026-09-24T20:11:02,44.0,2432012.4951787814,10.0,723.0,17.0,3887432.4845662233,901466.0,255538.0,7.0,0.0,34446.0,1114589.0,0.07028579036216344,Independiente,4,Creciente,0.4525238947138761,1,Paga a tiempo
5,2026-09-24T20:11:02,53.0,3615178.3276753114,6.0,777.0,-0.0,2772671.3282357133,562264.0,523949.0,0.0,0.0,,1070265.0,0.2561848858952933,Independiente,4,Creciente,0.5266140744676091,0,No paga a tiempo
5,2026-09-24T20:11:02,26.0,1128226.3561969292,5.0,776.0,4.0,2402455.4460245254,919891.0,184087.0,1.0,0.0,4130.0,1031598.0,0.14429402416845882,Empleado,4,Creciente,0.47731144912314316,1,Paga a tiempo
5,2026-09-24T20:11:02,53.0,552704.1180256066,7.0,798.0,0.0,4620103.168733043,2409211.0,115418.0,1.0,0.0,45082.0,1205155.0,0.026493247658286114,Empleado,9,Creciente,0.24780923590918935,1,Paga a tiempo
5,2026-09-24T20:11:02,49.0,959472.9332983501,4.0,752.0,3.0,5589967.898091053,1936148.0,169928.0,13.0,0.0,17252.0,,0.016545134425973024,Independiente,4,Estable,0.3312298691392451,1,Paga a tiempo
5,2026-09-24T20:11:02,30.0,1517564.1364668012,11.0,640.0,3.0,5973812.039582212,2086465.0,101560.0,10.0,0.0,43066.0,885841.0,0.028210211257268587,Independiente,4,Estable,0.7551611944065237,0,No paga a tiempo
5,2026-09-24T20:11:02,61.0,1477390.3543064655,11.0,846.0,1.0,5375324.570807421,2279719.0,134290.0,4.0,0.0,5209.0,,0.02889486788443234,Empleado,9,Estable,0.2422407354501348,1,Paga a tiempo
5,2026-09-24T20:11:02,71.0,636927.549974056,5.0,805.0,5.0,4435582.010836414,1296999.0,129673.0,15.0,0.0,444452.0,823338.0,0.036820422014666336,Empleado,9,Creciente,0.5767487114538876,0,No paga a tiempo
5,2026-09-24T20:11:02,20.0,366969.9348820761,5.0,742.0,4.0,2111306.1321214824,280021.0,76872.0,2.0,0.0,1516.0,841309.0,0.038875294079277124,Empleado,4,Estable,0.5464949189572718,0,No paga a tiempo
5,2026-09-24T20:11:02,34.0,880796.5718387038,5.0,707.0,4.0,2752263.3704415406,202971.0,110734.0,4.0,0.0,5811.0,,0.060110929665145994,Empleado,6,Estable,0.5909574144636371,0,No paga a tiempo
5,2026-09-24T20:11:02,31.0,1778790.0467188787,12.0,818.0,3.0,1816242.9112793184,467209.0,150093.0,2.0,0.0,9250.0,1260254.0,0.14262235944157348,Empleado,4,Creciente,0.3913127198717157,1,Paga a tiempo
5,2026-09-24T20:11:02,25.0,1616097.5394643932,23.0,765.0,4.0,2143934.8697216925,154232.0,42613.0,4.0,0.0,37236.0,1022325.0,0.04407596819401295,Empleado,6,Decreciente,0.6495564021309428,0,No paga a tiempo
5,2026-09-24T20:11:02,55.0,946502.8328463555,6.0,787.0,2.0,2496114.2145235133,639025.0,140350.0,5.0,0.0,12811.0,2089089.0,0.0930017593489294,Empleado,6,Estable,0.20393006458485352,1,Paga a tiempo
5,2026-09-24T20:11:02,39.0,787130.642865901,6.0,759.0,15.0,1464448.2242280603,460824.0,142419.0,4.0,0.0,6984.0,1119673.0,0.10415816196472061,Empleado,10,Creciente,0.4372541526252589,1,Paga a tiempo
5,2026-09-24T20:11:02,27.0,3240950.0287495167,24.0,721.0,5.0,1902060.0924501983,117751.0,150819.0,4.0,0.0,1968.0,1429260.0,0.07775719585904456,Independiente,7,Estable,0.7902143122036519,0,No paga a tiempo
5,2026-09-24T20:11:02,49.0,892342.4997067647,9.0,842.0,2.0,3453709.216836227,1443577.0,78576.0,2.0,0.0,2533.0,753363.0,0.042338003300087704,Empleado,4,Decreciente,0.2571103892757479,1,Paga a tiempo
5,2026-09-24T20:11:02,28.0,1102239.476975791,6.0,775.0,2.0,1658746.092800947,548115.0,149807.0,4.0,0.0,13719.0,950773.0,0.09433271964160474,Independiente,4,,0.4041306300938097,1,Paga a tiempo
5,2026-09-24T20:11:02,42.0,1663019.6152828566,24.0,720.0,9.0,2053194.7875079298,216932.0,73023.0,2.0,0.0,11068.0,,0.05116352896387503,Independiente,9,,0.8401347805492466,0,No paga a tiempo
5,2026-09-24T20:11:02,31.0,3084554.1888896823,9.0,741.0,8.0,6238854.920039263,3795022.0,272481.0,12.0,0.0,75713.0,5780546.0,0.06502550301314199,Independiente,10,Creciente,0.5944023327222578,0,No paga a tiempo
5,2026-09-24T20:11:02,31.0,1957790.7472304634,9.0,735.0,0.0,2581087.247161175,305020.0,185270.0,3.0,0.0,0.0,1616353.0,0.10375029995518335,Empleado,6,Creciente,0.4600408918255573,1,Paga a tiempo
5,2026-09-24T20:11:02,39.0,2458858.838108138,18.0,735.0,10.0,4939330.558108646,1034311.0,98167.0,6.0,0.0,22148.0,1043126.0,0.03289371012775979,Independiente,4,,0.5024448960219937,0,No paga a tiempo
5,2026-09-24T20:11:02,35.0,1908321.4979345747,5.0,779.0,4.0,3893861.7999471137,1273956.0,237348.0,4.0,0.0,68191.0,,0.09380944156871987,Independiente,9,Estable,0.3648657371051348,1,Paga a tiempo
5,2026-09-24T20:11:02,55.0,2595237.424456217,10.0,765.0,7.0,4042970.5418541185,2229399.0,192307.0,6.0,0.0,13279.0,,0.06031771225304415,Independiente,6,Creciente,0.45897854448665987,1,Paga a tiempo
5,2026-09-24T20:11:02,37.0,1857333.6381378933,12.0,686.0,4.0,6137700.3367576795,2002942.0,145199.0,10.0,0.0,67464.0,6179940.0,0.027253529109581766,Empleado,68,Estable,0.5117935413927635,0,No paga a tiempo
5,2026-09-24T20:11:02,24.0,1870842.7501770074,17.0,764.0,6.0,2333831.903254329,333103.0,120165.0,2.0,0.0,21270.0,1002067.0,0.06081729995524907,Independiente,9,,0.46103347712567155,1,Paga a tiempo
5,2026-09-24T20:11:02,32.0,4778919.585005539,19.0,720.0,13.0,5368267.680446012,988602.0,249904.0,11.0,0.0,9107.0,,0.052738751149929305,Independiente,4,,0.7731288236171496,0,No paga a tiempo
5,2026-09-24T20:11:02,66.0,6655233.105339471,8.0,802.0,2.0,4335858.777346205,3394017.0,715083.0,6.0,0.0,50617.0,3244719.0,0.20133203626386126,Empleado,6,,0.27688481575933466,1,Paga a tiempo
5,2026-09-24T20:11:02,40.0,1633866.5420713378,12.0,763.0,12.0,2349520.1203525662,644427.0,95196.0,5.0,0.0,36648.0,1499295.0,0.05850693116978488,Empleado,4,Estable,0.5114668342363593,0,No paga a tiempo
5,2026-09-24T20:11:02,50.0,897190.1669911424,6.0,756.0,4.0,7882324.482217317,3401478.0,178512.0,7.0,0.0,53069.0,1552439.0,0.019196808816941337,Independiente,4,Estable,0.3475820397463465,1,Paga a tiempo
5,2026-09-24T20:11:02,54.0,2070702.1973364288,8.0,852.0,2.0,4056338.2835602164,1811912.0,181736.0,2.0,0.0,4606.0,1176850.0,0.06509490072279396,Independiente,4,Creciente,0.1669150265762782,1,Paga a tiempo
5,2026-09-24T20:11:02,45.0,1711046.2420899195,9.0,829.0,0.0,4777051.317997316,2068699.0,181772.0,2.0,0.0,83555.0,3425668.0,0.05684098705281506,Empleado,4,Creciente,0.19207280557875195,1,Paga a tiempo
5,2026-09-24T20:11:02,43.0,2770806.2289520875,11.0,818.0,2.0,3594705.727886507,874737.0,180472.0,5.0,0.0,64002.0,,0.04932968147713838,Empleado,68,,0.13226954733784202,1,Paga a tiempo
5,2026-09-24T20:11:02,34.0,7360931.404138233,11.0,723.0,3.0,11143813.881627632,2294509.0,583235.0,3.0,0.0,772.0,,0.053147063671164174,Empleado,4,Estable,0.6354999784269586,0,No paga a tiempo
5,2026-09-24T20:11:02,50.0,1802828.5731304088,9.0,816.0,1.0,5948175.2857556315,1980879.0,162029.0,6.0,0.0,155079.0,1107306.0,0.024012210216459023,Empleado,10,Estable,0.17794289963446996,1,Paga a tiempo
5,2026-09-24T20:11:02,35.0,1261301.1321229932,6.0,801.0,6.0,3278235.0305673485,5542.0,247523.0,6.0,0.0,43958.0,2146346.0,0.09064618581207302,Empleado,4,Estable,0.4256432085256667,1,Paga a tiempo
5,2026-09-24T20:11:02,54.0,747956.5801697,5.0,740.0,9.0,12663005.937194718,2832094.0,55676.0,3.0,0.0,0.0,,0.0060640802977017455,Empleado,7,Creciente,0.5461427857863704,0,No paga a tiempo
5,2026-09-24T20:11:02,45.0,3163767.844219067,9.0,762.0,1.0,4848665.353010185,1185246.0,267281.0,4.0,0.0,18663.0,957236.0,0.06400264196477726,Empleado,4,Creciente,0.27075853346455625,1,Paga a tiempo
5,2026-09-24T20:11:02,57.0,2751627.848236259,13.0,770.0,2.0,2482445.593805517,960354.0,234305.0,5.0,0.0,64.0,946702.0,0.13374818792426824,Independiente,9,Creciente,0.21536385072248054,1,Paga a tiempo
5,2026-09-24T20:11:02,62.0,2303075.583273204,12.0,833.0,-0.0,4428469.442055951,1176157.0,187026.0,4.0,0.0,418.0,,0.05093054541161001,Independiente,4,Estable,0.20253293467804634,1,Paga a tiempo
5,2026-09-24T20:11:02,36.0,3543720.926895719,12.0,738.0,6.0,9667672.9373564,21501105.0,306026.0,14.0,0.0,263202.0,928985.0,0.03354832036951379,Empleado,4,Creciente,0.6562681758738151,0,No paga a tiempo
5,2026-09-24T20:11:02,46.0,1689812.7711767294,11.0,759.0,7.0,2640665.5051017487,451827.0,108343.0,4.0,0.0,26123.0,662917.0,0.05232060726930382,Independiente,9,Estable,0.4801487855664046,1,Paga a tiempo
5,2026-09-24T20:11:02,25.0,1015838.0956403443,7.0,765.0,2.0,2493821.1618214175,144958.0,130919.0,2.0,0.0,1506.0,11063.0,0.06576662007980108,Empleado,4,Decreciente,0.40315697498206493,1,Paga a tiempo
5,2026-09-24T20:11:02,63.0,6054348.886168181,12.0,852.0,4.0,8750320.704532899,7024628.0,465336.0,1.0,0.0,4302.0,1146052.0,0.055463883975849025,Independiente,4,Estable,0.3929820877044644,1,Paga a tiempo
5,2026-09-24T20:11:02,28.0,3674509.0622926005,12.0,746.0,4.0,1740454.0437606024,267834.0,288409.0,5.0,0.0,20762.0,1407149.0,0.18977788335424056,Empleado,7,Creciente,0.49980224800085893,1,Paga a tiempo
5,2026-09-24T20:11:02,40.0,1122895.3989222664,24.0,739.0,2.0,1604511.7557303812,838281.0,38829.0,2.0,0.0,21961.0,1030950.0,0.05224823647306144,Independiente,9,,0.27327096458785616,1,Paga a tiempo
5,2026-09-24T20:11:02,52.0,3406795.410653005,11.0,778.0,2.0,4907415.795603182,1092407.0,293629.0,4.0,0.0,9380.0,,0.06796874452054721,Independiente,7,Creciente,0.46232096730870265,1,Paga a tiempo
5,2026-09-24T20:11:02,38.0,2272578.693904973,6.0,794.0,1.0,3344978.8262023306,1298803.0,288754.0,4.0,0.0,18375.0,930930.0,0.10419350257935744,Empleado,9,Decreciente,0.17944383083738713,1,Paga a tiempo
5,2026-09-24T20:11:02,52.0,1241495.789589637,6.0,802.0,1.0,3682095.5364671643,2070479.0,118366.0,-0.0,0.0,,906771.0,0.03268080119186306,Independiente,9,Decreciente,0.40174264889809885,1,Paga a tiempo
5,2026-09-24T20:11:02,28.0,1639382.1021708483,5.0,772.0,6.0,1703863.4781062556,430974.0,231340.0,5.0,0.0,0.0,950278.0,0.21354012819064216,Independiente,4,Creciente,0.545746756349941,0,No paga a tiempo
5,2026-09-24T20:11:02,43.0,1233483.9924038863,8.0,744.0,9.0,5206092.573070571,1751493.0,114558.0,16.0,0.0,45530.0,915952.0,0.031753450408447945,Independiente,68,Creciente,0.5871358877737682,0,No paga a tiempo
5,2026-09-24T20:11:02,67.0,639932.1139039677,5.0,772.0,-0.0,3407904.823575515,756468.0,81695.0,2.0,0.0,3454.0,,0.03453610011986107,Independiente,9,Creciente,0.23147448400499993,1,Paga a tiempo
5,2026-09-24T20:11:02,53.0,988686.6783841861,8.0,708.0,4.0,1752062.9279808137,177687.0,136189.0,3.0,0.0,0.0,662291.0,0.0901306735677701,Independiente,4,,0.6661908335253952,0,No paga a tiempo
5,2026-09-24T20:11:02,26.0,750497.4940910925,10.0,729.0,5.0,2087338.6698045414,239205.0,55500.0,1.0,0.0,1919.0,868757.0,0.06411946870545235,Empleado,4,Decreciente,0.6237777338779069,0,No paga a tiempo
5,2026-09-24T20:11:02,47.0,1343010.9436262285,14.0,830.0,2.0,4989736.402024908,331055.0,105716.0,12.0,0.0,6558.0,,0.031089810283412726,Independiente,4,Decreciente,0.15465559608903456,1,Paga a tiempo
5,2026-09-24T20:11:02,50.0,2025797.0469315988,12.0,803.0,1.0,3513820.7638829523,1679952.0,168713.0,7.0,0.0,39627.0,,0.03873324935658229,Empleado,10,Decreciente,0.18469481514099828,1,Paga a tiempo
5,2026-09-24T20:11:02,23.0,524322.226053996,7.0,709.0,2.0,2212517.921604163,576817.0,107645.0,4.0,0.0,8178.0,269253.0,0.06766787354165094,Independiente,10,Creciente,0.3297072049142604,1,Paga a tiempo
5,2026-09-24T20:11:02,31.0,505158.014048874,6.0,684.0,5.0,8063536.521707692,2955903.0,73473.0,9.0,0.0,48177.0,,0.009802600576144087,Empleado,4,Creciente,0.47749657028875114,1,Paga a tiempo
5,2026-09-24T20:11:02,43.0,3432176.0125885694,6.0,803.0,2.0,4822466.830453503,1386039.0,520785.0,11.0,0.0,21504.0,,0.12121044308443828,Empleado,4,Estable,0.3140387548200898,1,Paga a tiempo
5,2026-09-24T20:11:02,43.0,3420023.655410099,6.0,708.0,18.0,6058173.316975265,2037653.0,524275.0,6.0,0.0,62911.0,,0.116903850678599,Empleado,4,Creciente,0.7826471808873599,0,No paga a tiempo
5,2026-09-24T20:11:02,52.0,777210.2383226472,2.0,705.0,4.0,6203254.561654425,2167839.0,196803.0,10.0,0.0,12983.0,946921.0,0.04511105331654142,Empleado,10,Creciente,0.44100323903583216,1,Paga a tiempo
5,2026-09-24T20:11:02,48.0,2599915.7132097445,7.0,709.0,3.0,5140589.808901003,1749127.0,407545.0,6.0,0.0,30589.0,1030371.0,0.0884791801054503,Empleado,4,,0.49061462513491905,1,Paga a tiempo
5,2026-09-24T20:11:02,40.0,1692851.007379558,13.0,764.0,4.0,2430265.672850928,1082256.0,99957.0,5.0,0.0,15689.0,1005940.0,0.08041007707688913,Independiente,6,,0.27422884211837906,1,Paga a tiempo
5,2026-09-24T20:11:02,37.0,2945509.8626406277,24.0,748.0,2.0,3229587.3340999866,288557.0,130459.0,2.0,0.0,10843.0,,0.05838038792575098,Empleado,6,Decreciente,0.5928306661497433,0,No paga a tiempo
5,2026-09-24T20:11:02,45.0,1845264.682538561,11.0,746.0,3.0,2547745.881890489,1284135.0,145835.0,6.0,0.0,21543.0,1654939.0,0.08524726187525686,Empleado,4,Estable,0.29318947233390014,1,Paga a tiempo
5,2026-09-24T20:11:02,62.0,1421556.081361874,7.0,780.0,7.0,5036950.261666616,742163.0,227090.0,5.0,0.0,16366.0,1084294.0,0.057194064636409574,Independiente,7,Decreciente,0.42146598648258315,1,Paga a tiempo
5,2026-09-24T20:11:02,37.0,1124620.916756256,12.0,862.0,2.0,6620645.644680909,403980.0,126560.0,3.0,0.0,46930.0,11158407.0,0.02043903924026299,Independiente,4,Decreciente,0.11654711384032312,1,Paga a tiempo
5,2026-09-24T20:11:02,40.0,6597332.34297235,9.0,670.0,12.0,5715135.308784597,3254791.0,619275.0,12.0,0.0,169663.0,965159.0,0.11764359711853484,Empleado,9,Creciente,0.7175595800199408,0,No paga a tiempo
5,2026-09-24T20:11:02,27.0,742522.7607925495,11.0,752.0,8.0,2515784.886780633,368964.0,88188.0,5.0,0.0,36903.0,,0.03973035979480029,Empleado,4,Decreciente,0.4753619240014362,1,Paga a tiempo
5,2026-09-24T20:11:02,36.0,1673630.2748901255,9.0,739.0,7.0,1936145.8686747379,616229.0,173821.0,7.0,0.0,69811.0,1462275.0,0.12972537671500584,Empleado,4,,0.4896159291195946,1,Paga a tiempo
5,2026-09-24T20:11:02,46.0,905643.4808051859,13.0,726.0,4.0,2225870.0885179196,467389.0,69255.0,4.0,0.0,4829.0,977531.0,0.03674621426501426,Independiente,4,Creciente,0.46851517942186205,1,Paga a tiempo
5,2026-09-24T20:11:02,32.0,705385.3670928996,5.0,702.0,8.0,3938688.5229479643,715313.0,88042.0,8.0,0.0,22335.0,1287212.0,0.024787848715394765,Independiente,9,,0.4808884628003376,1,Paga a tiempo
5,2026-09-24T20:11:02,66.0,1476662.8635302472,25.0,771.0,3.0,2096308.0329254563,156330.0,58088.0,0.0,0.0,,,0.05120675879947996,Independiente,9,Decreciente,0.67748944434901,0,No paga a tiempo
5,2026-09-24T20:11:02,27.0,3600900.33150519,7.0,735.0,10.0,4999289.305132469,2025877.0,518970.0,21.0,0.0,353750.0,1140351.0,0.10778511718819293,Empleado,68,Creciente,0.3669138950383649,1,Paga a tiempo
5,2026-09-24T20:11:02,46.0,3492121.565294354,6.0,758.0,2.0,2818747.7985603814,0.0,535889.0,2.0,0.0,4760.0,,0.3222965728318835,Empleado,4,,0.16863165760644905,1,Paga a tiempo
5,2026-09-24T20:11:02,45.0,2669625.509600201,12.0,763.0,2.0,2914355.722193213,536154.0,180602.0,3.0,0.0,8228.0,,0.1010007849758731,Empleado,7,Creciente,0.26734919265282275,1,Paga a tiempo
5,2026-09-24T20:11:02,40.0,2430142.696426973,5.0,772.0,7.0,5980730.995987022,1998629.0,342085.0,0.0,0.0,,4100958.0,0.06588539139441055,Empleado,4,,0.5425138723249499,0,No paga a tiempo
5,2026-09-24T20:11:02,41.0,4324296.955138015,9.0,757.0,5.0,6455658.7768827,1954478.0,490376.0,11.0,0.0,170399.0,615045.0,0.09317984018859385,Empleado,4,,0.5891313769764166,0,No paga a tiempo
5,2026-09-24T20:11:02,61.0,612060.1375781194,7.0,745.0,0.0,3597202.241598742,2246854.0,109054.0,4.0,0.0,3362.0,986493.0,0.03774460108518453,Independiente,4,,0.21053280542268393,1,Paga a tiempo
5,2026-09-24T20:11:02,41.0,4157681.2794551034,6.0,723.0,5.0,4508110.263049977,0.0,640528.0,6.0,0.0,7868.0,3080092.0,0.17838031801026463,Empleado,4,Creciente,0.34891886331493716,1,Paga a tiempo
5,2026-09-24T20:11:02,25.0,1800122.8121506239,10.0,617.0,8.0,3678539.4614983145,2367002.0,143614.0,8.0,0.0,2598.0,979672.0,0.040520987014282445,Empleado,4,Estable,0.7155958788737689,0,No paga a tiempo
5,2026-09-24T20:11:02,26.0,4811497.289615921,17.0,711.0,2.0,2281029.898290116,365239.0,249334.0,2.0,0.0,5056.0,1498704.0,0.19422172140068794,Empleado,4,,0.3608303515281682,1,Paga a tiempo
5,2026-09-24T20:11:02,39.0,1008150.700838514,6.0,814.0,1.0,2568462.94887772,740298.0,174461.0,1.0,0.0,0.0,,0.08180523392161856,Empleado,4,Creciente,0.40728218877843914,1,Paga a tiempo
5,2026-09-24T20:11:02,46.0,1461898.7716542794,3.0,765.0,2.0,4808763.866467748,1718262.0,393684.0,4.0,0.0,0.0,1635829.0,0.09302482326601384,Empleado,4,Estable,0.31749935726425227,1,Paga a tiempo
5,2026-09-24T20:11:02,43.0,2196184.1852905303,6.0,787.0,3.0,5703164.182007975,3771410.0,364443.0,4.0,0.0,48566.0,5338692.0,0.07302807583301117,Independiente,4,Creciente,0.3964886944826499,1,Paga a tiempo
5,2026-09-24T20:11:02,45.0,4386633.568687474,11.0,871.0,3.0,3534052.2462574565,1162322.0,401086.0,10.0,0.0,65797.0,3343552.0,0.13123658288130863,Empleado,9,,0.2793562651967313,1,Paga a tiempo
5,2026-09-24T20:11:02,36.0,2076880.7197660764,12.0,737.0,4.0,2094869.7033607787,4684.0,149981.0,9.0,0.0,15990.0,1230298.0,0.07766688661661562,Independiente,4,Estable,0.5236136051378714,0,No paga a tiempo
5,2026-09-24T20:11:02,23.0,2892555.6126422766,7.0,715.0,3.0,6760915.125704634,1996632.0,434725.0,3.0,0.0,2691.0,522293.0,0.07129937553689167,Empleado,4,Decreciente,0.7964197544036693,0,No paga a tiempo
5,2026-09-24T20:11:02,52.0,3151372.2806373932,7.0,780.0,7.0,4555473.244810194,1522163.0,497669.0,4.0,0.0,0.0,1896550.0,0.11401376327627818,Empleado,4,Creciente,0.4891012396016837,1,Paga a tiempo
5,2026-09-24T20:11:02,53.0,1621464.1000402365,2.0,800.0,3.0,4706109.246012201,2182893.0,624221.0,13.0,0.0,124466.0,1170676.0,0.15610468601390198,Empleado,10,Creciente,0.19803807578177468,1,Paga a tiempo
5,2026-09-24T20:11:02,39.0,1076388.8968553958,12.0,738.0,1.0,1597423.9508296808,416069.0,112651.0,2.0,0.0,7501.0,,0.10225700922817181,Empleado,4,,0.2839602119900062,1,Paga a tiempo
5,2026-09-24T20:11:02,29.0,1598933.2873257296,5.0,757.0,2.0,2366903.9506072598,487689.0,218086.0,5.0,0.0,18914.0,1538384.0,0.13359701130462348,Empleado,4,Creciente,0.34238558364802374,1,Paga a tiempo
5,2026-09-24T20:11:02,33.0,1288492.0947296363,6.0,725.0,3.0,3200929.6002450665,235667.0,186052.0,4.0,0.0,0.0,2877987.0,0.0808730559076402,Independiente,4,,0.43486805888762137,1,Paga a tiempo
5,2026-09-24T20:11:02,57.0,3440808.204345596,10.0,778.0,-0.0,2259480.231704251,288762.0,279696.0,5.0,0.0,5247.0,770005.0,0.19754873110471682,Empleado,10,Decreciente,0.31867084834011883,1,Paga a tiempo
5,2026-09-24T20:11:02,40.0,1628827.2528575596,9.0,836.0,1.0,3405074.9024910782,950598.0,128594.0,2.0,0.0,0.0,3349756.0,0.04433770832604447,Empleado,7,Estable,0.19505516564193282,1,Paga a tiempo
5,2026-09-24T20:11:02,46.0,1366639.8610152602,6.0,795.0,5.0,3502864.407683927,428921.0,197400.0,6.0,0.0,29606.0,0.0,0.07609099043638097,Independiente,6,,0.5041158981799203,0,No paga a tiempo
5,2026-09-24T20:11:02,56.0,2230520.8869816763,13.0,774.0,2.0,3170503.154841432,141026.0,181538.0,5.0,0.0,26762.0,908243.0,0.07491599846904157,Empleado,10,Estable,0.1567975289048269,1,Paga a tiempo
5,2026-09-24T20:11:02,43.0,2760990.011621118,13.0,713.0,7.0,3421337.7485414487,401604.0,197956.0,3.0,0.0,6100.0,639070.0,0.07544116837954873,Independiente,4,Creciente,0.5910710684204319,0,No paga a tiempo
5,2026-09-24T20:11:02,,3419859.9601944336,10.0,,1.0,22495445.494232137,0.0,310951.0,0.0,,,,0.015771485092697077,Empleado,7,Creciente,0.5607264209008762,0,No paga a tiempo
5,2026-09-24T20:11:02,25.0,1724910.3461184811,13.0,687.0,9.0,3550249.412384198,789403.0,129196.0,5.0,0.0,3258.0,1074082.0,0.039669418487781605,Empleado,4,Estable,0.5866414672488192,0,No paga a tiempo
5,2026-09-24T20:11:02,58.0,3099075.6440476533,4.0,824.0,1.0,3107764.260378621,0.0,495279.0,1.0,0.0,0.0,,0.22521704522370628,Empleado,9,,0.6120248400374392,0,No paga a tiempo
5,2026-09-24T20:11:02,48.0,1550914.8665018948,12.0,735.0,13.0,2515908.9671519157,889519.0,172954.0,7.0,0.0,9327.0,938495.0,0.07784726077067342,Empleado,4,Decreciente,0.6263065230274922,0,No paga a tiempo
5,2026-09-24T20:11:02,28.0,765941.4460532179,12.0,667.0,4.0,2858460.600741085,673171.0,51293.0,6.0,0.0,5244.0,434119.0,0.024243713222766583,Empleado,4,,0.5150611655826534,0,No paga a tiempo
5,2026-09-24T20:11:02,57.0,3081392.6252758843,12.0,813.0,2.0,7327844.767764685,1775950.0,225458.0,7.0,0.0,45504.0,5893219.0,0.0388012837821787,Empleado,9,Creciente,0.168786415690647,1,Paga a tiempo
5,2026-09-24T20:11:02,51.0,1427946.5215237811,11.0,725.0,1.0,4903710.786080341,1806200.0,129227.0,8.0,0.0,159114.0,,0.04083879613163412,Empleado,4,Estable,0.21697002842133384,1,Paga a tiempo
5,2026-09-24T20:11:02,36.0,1932401.8838583461,10.0,762.0,8.0,3744473.6072717863,1506449.0,163312.0,10.0,0.0,5584.0,997635.0,0.04345088630170757,Empleado,9,Creciente,0.3680434516393565,1,Paga a tiempo
5,2026-09-24T20:11:02,36.0,3639107.064064343,10.0,796.0,3.0,3039752.6570805325,333036.0,303985.0,1.0,0.0,0.0,,0.12111433100791899,Empleado,9,Creciente,0.527167291801093,0,No paga a tiempo
5,2026-09-24T20:11:02,33.0,1792766.6049569387,7.0,753.0,2.0,3162903.559705448,1314129.0,216703.0,6.0,0.0,26284.0,708064.0,0.09063921830511708,Empleado,10,Creciente,0.3674823007411391,1,Paga a tiempo
5,2026-09-24T20:11:02,53.0,1917110.7286177566,6.0,789.0,3.0,7431089.007439742,3305220.0,320493.0,6.0,0.0,12628.0,1298824.0,0.03894640094195635,Empleado,9,Decreciente,0.41194539749976,1,Paga a tiempo
5,2026-09-24T20:11:02,54.0,2662834.4518811805,36.0,721.0,5.0,2118876.840741909,111479.0,94894.0,4.0,0.0,25357.0,1071716.0,0.06263300257468986,Empleado,4,Decreciente,0.7619413972114206,0,No paga a tiempo
5,2026-09-24T20:11:02,27.0,1557269.0131686537,12.0,742.0,6.0,2838106.3786146217,653141.0,100704.0,6.0,0.0,12057.0,396081.0,0.04650769363150459,Empleado,6,Creciente,0.5654611099654611,0,No paga a tiempo
5,2026-09-24T20:11:02,35.0,2142641.762318317,12.0,785.0,4.0,3198424.5871976498,820700.0,149237.0,4.0,0.0,18570.0,2331091.0,0.05913251931842295,Empleado,9,Creciente,0.2408219079775783,1,Paga a tiempo
5,2026-09-24T20:11:02,33.0,2989112.246642236,12.0,800.0,2.0,3091818.294282837,857561.0,245365.0,5.0,0.0,153022.0,4255613.0,0.12180084989835642,Empleado,4,Decreciente,0.10327346934720616,1,Paga a tiempo
5,2026-09-24T20:11:02,25.0,545243.3851704566,6.0,757.0,7.0,3222031.3659631815,0.0,75176.0,8.0,0.0,0.0,,0.03559155931698586,Independiente,9,Creciente,0.7040509637746653,0,No paga a tiempo
5,2026-09-24T20:11:02,35.0,1323316.611576072,12.0,797.0,1.0,2400173.284673163,256589.0,98988.0,5.0,0.0,4085.0,1053416.0,0.05423241361323707,Empleado,9,Creciente,0.18901343065094178,1,Paga a tiempo
5,2026-09-24T20:11:02,46.0,3368211.296194558,24.0,856.0,3.0,7981571.679704239,2036686.0,156790.0,4.0,0.0,49380.0,1056295.0,0.020918053030169567,Empleado,4,Creciente,0.22226906017238246,1,Paga a tiempo
5,2026-09-24T20:11:02,22.0,3914820.46500265,10.0,693.0,4.0,3016692.7176983524,1222201.0,329530.0,4.0,0.0,36959.0,3330747.0,0.14359339614597266,Independiente,9,Estable,0.5725403633223491,0,No paga a tiempo
5,2026-09-24T20:11:02,28.0,2256942.9439511755,8.0,751.0,2.0,2374175.392713372,333363.0,288263.0,4.0,0.0,17260.0,948687.0,0.18445481526577215,Empleado,6,Decreciente,0.4424692804765896,1,Paga a tiempo
5,2026-09-24T20:11:02,26.0,2326357.4496073057,6.0,722.0,8.0,5206939.608426791,2545094.0,366711.0,2.0,0.0,4290.0,1507423.0,0.07641188514703093,Independiente,4,Decreciente,0.6932606307512843,0,No paga a tiempo
5,2026-09-24T20:11:02,40.0,821049.5339043299,6.0,849.0,4.0,9064693.002298368,4029067.0,150383.0,4.0,0.0,92291.0,2689867.0,0.014489277585858648,Independiente,4,,0.2730337056443298,1,Paga a tiempo
5,2026-09-24T20:11:02,33.0,3031399.2351591988,7.0,834.0,4.0,8123800.172649743,1943979.0,482282.0,3.0,0.0,1586.0,9218264.0,0.07050869048141743,Empleado,68,Creciente,0.19175029030446566,1,Paga a tiempo
5,2026-09-24T20:11:02,37.0,3010146.3207139745,7.0,818.0,3.0,15692008.454116939,6193079.0,437530.0,4.0,0.0,147540.0,774863.0,0.02834986867967347,Empleado,4,,0.4633894405261231,1,Paga a tiempo
5,2026-09-24T20:11:02,53.0,1100942.7782853802,5.0,744.0,4.0,21038947.93072448,1476771.0,168081.0,8.0,0.0,66255.0,1048930.0,0.01467338972377117,Empleado,6,Creciente,0.39839788121744835,1,Paga a tiempo
5,2026-09-24T20:11:02,23.0,456940.55927745043,6.0,699.0,11.0,4905288.370506003,0.0,83229.0,5.0,0.0,24005.0,,0.01702406082854542,Empleado,7,Creciente,0.7470774218761386,0,No paga a tiempo
5,2026-09-24T20:11:02,48.0,1417564.1792035673,6.0,784.0,2.0,6646403.989923947,1822764.0,203007.0,5.0,0.0,0.0,892923.0,0.04299971075769601,Empleado,4,Creciente,0.34398065208026585,1,Paga a tiempo
5,2026-09-24T20:11:02,26.0,1706027.6345744536,12.0,717.0,4.0,2817157.499043116,994208.0,146238.0,3.0,0.0,7217.0,,0.08022148944771132,Empleado,4,Creciente,0.49994693759577513,1,Paga a tiempo
5,2026-09-24T20:11:02,39.0,3120386.7396145486,12.0,841.0,2.0,5833578.954266465,0.0,260650.0,5.0,0.0,2883.0,7732694.0,0.04771824510697289,Empleado,4,Creciente,0.11887093512247704,1,Paga a tiempo
5,2026-09-24T20:11:02,44.0,1770627.4730613313,6.0,790.0,5.0,2743684.6246630666,237679.0,240707.0,7.0,0.0,0.0,,0.12503310330620024,Empleado,4,,0.409188431059471,1,Paga a tiempo
5,2026-09-24T20:11:02,26.0,857872.3668824979,6.0,683.0,5.0,3394912.5037301667,311634.0,158874.0,3.0,0.0,3408.0,2745147.0,0.048373373652178156,Independiente,68,Estable,0.49727434286870553,1,Paga a tiempo
5,2026-09-24T20:11:02,46.0,2004653.2091202321,10.0,809.0,2.0,3704256.8015526384,1719471.0,148688.0,7.0,0.0,13056.0,911681.0,0.07283114087324186,Independiente,68,Decreciente,0.2540952184475479,1,Paga a tiempo
5,2026-09-24T20:11:02,30.0,3003945.4008122217,12.0,805.0,3.0,2813145.194591785,756620.0,224074.0,2.0,0.0,0.0,1169182.0,0.11255582599153219,Empleado,9,Creciente,0.25418658474408873,1,Paga a tiempo
5,2026-09-24T20:11:02,56.0,3394565.0186116314,13.0,801.0,3.0,6574974.442331314,965210.0,268414.0,9.0,0.0,14642.0,,0.04473837333860648,Empleado,4,Creciente,0.420640609489879,1,Paga a tiempo
5,2026-09-24T20:11:02,24.0,1503112.0883294842,12.0,703.0,5.0,2748547.0984315826,543357.0,96537.0,2.0,0.0,1509.0,936822.0,0.05359312374585939,Empleado,4,Estable,0.6054211980094497,0,No paga a tiempo
5,2026-09-24T20:11:02,64.0,2471807.0573581057,11.0,840.0,4.0,7459423.132317501,3779742.0,174307.0,8.0,0.0,27758.0,5252842.0,0.03376471955234479,Independiente,7,Creciente,0.2799467592076904,1,Paga a tiempo
5,2026-09-24T20:11:02,65.0,1774229.6270863938,7.0,732.0,9.0,5633361.68361228,2950437.0,222540.0,8.0,0.0,100017.0,,0.03994108561461156,Empleado,9,Estable,0.586429281020082,0,No paga a tiempo
5,2026-09-24T20:11:02,28.0,1843620.4769144985,12.0,803.0,2.0,3069122.2979575004,1034669.0,145520.0,3.0,0.0,3759.0,2096204.0,0.058536879678753956,Empleado,7,Decreciente,0.17369015378051778,1,Paga a tiempo
5,2026-09-24T20:11:02,65.0,1080356.0796490458,6.0,820.0,6.0,5358211.095867142,1825773.0,151748.0,6.0,0.0,34994.0,1080593.0,0.02869968322368561,Empleado,10,Creciente,0.31220312613432155,1,Paga a tiempo
5,2026-09-24T20:11:02,60.0,1637883.4835079103,6.0,758.0,6.0,2207996.5635855664,376246.0,245950.0,1.0,0.0,1747.0,,0.16872743137464924,Independiente,7,Creciente,0.593280926133933,0,No paga a tiempo
5,2026-09-24T20:11:02,38.0,1330927.4853482018,11.0,806.0,2.0,8298287.282037559,5573261.0,143599.0,10.0,0.0,88766.0,7929945.0,0.020397522041737226,Independiente,10,Estable,0.11459213391060685,1,Paga a tiempo
5,2026-09-24T20:11:02,51.0,1704487.2480905727,7.0,727.0,3.0,7283352.4297564505,1933401.0,272468.0,4.0,0.0,19255.0,822705.0,0.04652136353614077,Empleado,9,,0.567673828515397,0,No paga a tiempo
5,2026-09-24T20:11:02,,3513262.6216483014,5.0,,-0.0,21174213.251572937,5006219.0,502719.0,-0.0,,,,0.027482603816168766,Empleado,9,Decreciente,0.3681682846588483,1,Paga a tiempo
5,2026-09-24T20:11:02,59.0,710683.9773462518,10.0,725.0,4.0,1810791.6068489004,833323.0,95696.0,6.0,0.0,0.0,922683.0,0.07535207667744545,Independiente,10,,0.44794154846805556,1,Paga a tiempo
5,2026-09-24T20:11:02,40.0,8308512.6677010525,35.0,691.0,6.0,4736977.084660936,615176.0,275443.0,9.0,0.0,19303.0,1177709.0,0.06594721090720837,Independiente,4,,0.33150004177099957,1,Paga a tiempo
5,2026-09-24T20:11:02,41.0,4208832.486889594,4.0,857.0,5.0,11321038.702096054,3848136.0,605188.0,7.0,0.0,70837.0,7472160.0,0.05891629222364014,Independiente,4,Estable,0.30409755740367994,1,Paga a tiempo
5,2026-09-24T20:11:02,48.0,4433744.254431241,12.0,777.0,6.0,5226753.441240657,2004152.0,323601.0,-0.0,0.0,,,0.07682452152332918,Independiente,7,Decreciente,0.6474549124696698,0,No paga a tiempo
5,2026-09-24T20:11:02,33.0,1777747.373670247,6.0,777.0,2.0,2454078.1873946427,478459.0,262045.0,4.0,0.0,0.0,674376.0,0.15980453068991743,Empleado,68,Creciente,0.4203800765309943,1,Paga a tiempo
5,2026-09-24T20:11:02,64.0,933236.5113557946,7.0,710.0,2.0,6196876.021852736,2613040.0,116920.0,16.0,0.0,6455.0,133613.0,0.017411021888498808,Empleado,4,,0.5829928640002833,0,No paga a tiempo
5,2026-09-24T20:11:02,37.0,3719623.5629755408,37.0,750.0,5.0,2833495.3918725704,481358.0,138000.0,5.0,0.0,11921.0,2019001.0,0.06487235561291806,Independiente,4,,0.6181739712019954,0,No paga a tiempo
5,2026-09-24T20:11:02,42.0,1639026.0340830018,6.0,673.0,8.0,2327244.51063462,443803.0,234763.0,4.0,0.0,10232.0,847376.0,0.13799741340537763,Empleado,4,,0.6518386756510012,0,No paga a tiempo
5,2026-09-24T20:11:02,,8443615.605837746,10.0,,-0.0,5774316.521699307,1570004.0,833175.0,-0.0,,,,0.16888160616545644,Empleado,9,,0.5448146917666664,0,No paga a tiempo
5,2026-09-24T20:11:02,26.0,1565885.127880057,12.0,733.0,8.0,1823210.3905172553,571923.0,107566.0,7.0,0.0,12914.0,,0.0980542097043139,Independiente,4,Creciente,0.5951137203483334,0,No paga a tiempo
5,2026-09-24T20:11:02,52.0,743416.922207123,11.0,719.0,8.0,4108998.1033418905,1455620.0,53503.0,4.0,0.0,16036.0,537675.0,0.01845640460200148,Independiente,4,Estable,0.5794638150751314,0,No paga a tiempo
5,2026-09-24T20:11:02,31.0,3519472.3104989426,12.0,757.0,7.0,3042164.0105974716,243008.0,287479.0,2.0,0.0,17119.0,703329.0,0.12895958211011666,Independiente,4,Creciente,0.630939576792722,0,No paga a tiempo
5,2026-09-24T20:11:02,45.0,2645882.748623471,9.0,857.0,3.0,2928235.2057833304,1456691.0,213143.0,5.0,0.0,3533.0,2673878.0,0.12311712158430708,Independiente,7,,0.2359924007145453,1,Paga a tiempo
5,2026-09-24T20:11:02,64.0,1836098.9158998877,9.0,799.0,2.0,4485176.129017158,1502545.0,159593.0,1.0,0.0,6449.0,,0.03707016994189031,Independiente,4,Creciente,0.4867341674112031,1,Paga a tiempo
5,2026-09-24T20:11:02,28.0,4233912.7780930055,10.0,792.0,2.0,4035703.6514835665,2993613.0,347642.0,2.0,0.0,12658.0,10135147.0,0.10807983207043005,Independiente,9,Creciente,0.2873416867531594,1,Paga a tiempo
5,2026-09-24T20:11:02,46.0,4039755.8938626493,10.0,666.0,8.0,5645293.9216981735,2029094.0,357658.0,7.0,0.0,11059.0,,0.0746241336699697,Empleado,9,Decreciente,0.7590642352280237,0,No paga a tiempo
5,2026-09-24T20:11:02,54.0,2182691.564131197,12.0,755.0,3.0,4628560.632929821,1607149.0,178606.0,7.0,0.0,3460.0,1155759.0,0.04623950095796412,Independiente,9,Estable,0.15682986727941095,1,Paga a tiempo
5,2026-09-24T20:11:02,50.0,1273729.5287160994,6.0,739.0,2.0,2450644.913671815,381661.0,175089.0,5.0,0.0,0.0,1024985.0,0.15939361681898312,Independiente,10,Decreciente,0.2887016971042148,1,Paga a tiempo
5,2026-09-24T20:11:02,39.0,1869978.1695359491,7.0,778.0,7.0,3592283.775195893,1426938.0,231221.0,5.0,0.0,4799.0,683455.0,0.07517008390957655,Empleado,7,Estable,0.44209319849099593,1,Paga a tiempo
5,2026-09-24T20:11:02,50.0,1307428.9701899928,6.0,821.0,3.0,3850949.5329269064,1585844.0,212719.0,7.0,0.0,51022.0,900178.0,0.05930258960344408,Empleado,9,Decreciente,0.26483468575237745,1,Paga a tiempo
5,2026-09-24T20:11:02,50.0,3152461.0095128096,9.0,792.0,5.0,5954632.421588043,3651668.0,253933.0,11.0,0.0,122007.0,894799.0,0.05291355250506555,Independiente,10,Decreciente,0.573115365491585,0,No paga a tiempo
5,2026-09-24T20:11:02,40.0,1828247.4857126814,8.0,773.0,2.0,3462463.4407397653,1007889.0,246755.0,1.0,0.0,8047.0,1517058.0,0.08638665555152919,Empleado,9,,0.33763842596773064,1,Paga a tiempo
5,2026-09-24T20:11:02,40.0,4971393.150995616,3.0,762.0,3.0,2981450.8025149717,893416.0,1037040.0,8.0,0.0,10897.0,,0.34103341761602346,Empleado,9,,0.1555503859503179,1,Paga a tiempo
5,2026-09-24T20:11:02,36.0,2467025.127494364,8.0,755.0,3.0,4127843.1121893968,1268093.0,263663.0,3.0,0.0,7186.0,817226.0,0.08644996726230696,Independiente,4,,0.4667934762628958,1,Paga a tiempo
5,2026-09-24T20:11:02,24.0,706597.6528960435,3.0,663.0,8.0,5613161.84758251,2115799.0,170194.0,5.0,0.0,11605.0,786016.0,0.03710708013127039,Independiente,68,Estable,0.7384018840209033,0,No paga a tiempo
5,2026-09-24T20:11:02,26.0,2216108.099086811,12.0,669.0,6.0,8574844.438811785,3448029.0,177146.0,4.0,0.0,47742.0,731247.0,0.01868532469510493,Empleado,6,Creciente,0.5572316560237862,0,No paga a tiempo
5,2026-09-24T20:11:02,43.0,776054.3418273772,2.0,845.0,9.0,22347142.89961877,11990608.0,456482.0,11.0,0.0,683976.0,18703414.0,0.026684379636682565,Empleado,4,Creciente,0.23876737348005195,1,Paga a tiempo
5,2026-09-24T20:11:02,38.0,3220527.059830742,6.0,765.0,5.0,3816353.954751583,1341383.0,471306.0,4.0,0.0,3293.0,1282093.0,0.15969174382151768,Empleado,4,Creciente,0.5216714284482485,0,No paga a tiempo
5,2026-09-24T20:11:02,40.0,1417414.569870071,6.0,772.0,2.0,3876203.623689368,1597287.0,188573.0,5.0,0.0,28218.0,4475148.0,0.0749993571360664,Independiente,9,Estable,0.21080688636800626,1,Paga a tiempo
5,2026-09-24T20:11:02,40.0,1578769.2286605125,11.0,818.0,2.0,5040496.191772833,2717309.0,130968.0,1.0,0.0,0.0,4608016.0,0.027660832331438432,Independiente,9,,0.3211403217591299,1,Paga a tiempo
5,2026-09-24T20:11:02,26.0,1090553.3755038823,7.0,707.0,5.0,4577453.623854718,1040893.0,225215.0,1.0,0.0,33020.0,,0.05716702251076686,Empleado,4,Decreciente,0.6874147993328394,0,No paga a tiempo
5,2026-09-24T20:11:02,39.0,3727375.2790921987,11.0,702.0,8.0,8269455.073902636,2977026.0,290199.0,13.0,0.0,19678.0,1616506.0,0.0355209541437164,Empleado,4,,0.3982766538226652,1,Paga a tiempo
5,2026-09-24T20:11:02,54.0,753605.199857166,7.0,737.0,8.0,6270190.654934524,2027405.0,117985.0,6.0,0.0,118969.0,1692534.0,0.02400480732666548,Independiente,9,Decreciente,0.4381963308036476,1,Paga a tiempo
5,2026-09-24T20:11:02,51.0,2199898.180918536,5.0,790.0,2.0,2736118.837924975,614446.0,288440.0,1.0,0.0,0.0,1013414.0,0.18768177552205326,Empleado,9,Creciente,0.30134208580706856,1,Paga a tiempo
5,2026-09-24T20:11:02,41.0,1999976.9188787865,11.0,807.0,1.0,7914534.738191169,1696925.0,178025.0,6.0,0.0,31340.0,1607666.0,0.029641387589374665,Independiente,6,Decreciente,0.22928652095866187,1,Paga a tiempo
5,2026-09-24T20:11:02,39.0,1234233.9398020243,6.0,805.0,2.0,4345210.018179111,574384.0,163457.0,6.0,0.0,0.0,,0.04433363380011843,Empleado,4,Decreciente,0.2960046907854762,1,Paga a tiempo
5,2026-09-24T20:11:02,58.0,1073733.1678827945,9.0,796.0,3.0,6699708.973253146,4220423.0,72929.0,2.0,0.0,6695.0,1597427.0,0.01717265786892215,Empleado,4,Creciente,0.43654239112201476,1,Paga a tiempo
5,2026-09-24T20:11:02,32.0,4710789.625236346,10.0,784.0,2.0,2214246.7798271705,837882.0,477363.0,2.0,0.0,2025.0,1334924.0,0.3027598430973857,Empleado,9,Creciente,0.21226607487021265,1,Paga a tiempo
5,2026-09-24T20:11:02,64.0,3044230.7008521305,12.0,784.0,3.0,3381954.396335733,445150.0,209993.0,2.0,0.0,0.0,3846997.0,0.090557802262392,Independiente,9,Estable,0.24763768290425714,1,Paga a tiempo
5,2026-09-24T20:11:02,24.0,2457307.105079491,12.0,797.0,2.0,3286048.0846569985,697571.0,181012.0,3.0,0.0,3880.0,1067336.0,0.08589481023911405,Independiente,4,Creciente,0.2698167303503488,1,Paga a tiempo
5,2026-09-24T20:11:02,40.0,3115037.3299951637,8.0,754.0,11.0,4878973.45374458,1501969.0,294366.0,9.0,0.0,17160.0,1517838.0,0.07778637964163021,Empleado,4,Estable,0.7416590121887172,0,No paga a tiempo
5,2026-09-24T20:11:02,31.0,1624931.7174322328,10.0,878.0,0.0,4716699.181402729,2478786.0,121175.0,9.0,0.0,67300.0,,0.02100599675646007,Empleado,4,Estable,0.18532411625812162,1,Paga a tiempo
5,2026-09-24T20:11:02,25.0,3730545.2630816996,30.0,676.0,13.0,3365399.7408572827,0.0,171009.0,5.0,0.0,1157.0,1183704.0,0.06845912163836278,Independiente,4,,0.7906154790341502,0,No paga a tiempo
5,2026-09-24T20:11:02,33.0,3671830.332397062,11.0,771.0,2.0,2465764.583201649,1790664.0,259149.0,5.0,0.0,32335.0,1613790.0,0.1444939971248219,Independiente,4,Creciente,0.3795428863053777,1,Paga a tiempo
5,2026-09-24T20:11:02,36.0,3802481.3488510908,36.0,685.0,16.0,2771760.2790973303,926115.0,104854.0,10.0,0.0,27929.0,2164844.0,0.06237081672298062,Independiente,9,Creciente,0.7408680871510289,0,No paga a tiempo
5,2026-09-24T20:11:02,,3086430.4026649185,9.0,,-0.0,,752063925.0,289189.0,1.0,,,,,Empleado,68,Decreciente,0.2928832971270452,1,Paga a tiempo
5,2026-09-24T20:11:02,48.0,2027169.820367517,9.0,798.0,5.0,2573575.256422435,1399275.0,206125.0,11.0,0.0,86935.0,948055.0,0.1090332927916039,Empleado,9,Creciente,0.34589681913055137,1,Paga a tiempo
5,2026-09-24T20:11:02,70.0,1945533.2063472748,6.0,822.0,4.0,5057983.689789089,205435.0,219727.0,4.0,0.0,0.0,,0.0570073286687752,Empleado,7,Creciente,0.28903710091745904,1,Paga a tiempo
5,2026-09-24T20:11:02,50.0,3273716.8332489124,36.0,697.0,6.0,4068278.733768864,337601.0,96112.0,6.0,0.0,12356.0,1071853.0,0.036128692875506734,Independiente,9,,0.7489136092293663,0,No paga a tiempo
5,2026-09-24T20:11:02,46.0,3176751.5439658114,11.0,771.0,24.0,4153504.314968224,1276651.0,244747.0,10.0,0.0,30251.0,3130341.0,0.0769281817521766,Independiente,9,Decreciente,0.3607912448445343,1,Paga a tiempo
5,2026-09-24T20:11:02,25.0,1312578.9400814401,5.0,702.0,3.0,3154258.2766388603,622734.0,182234.0,5.0,0.0,9812.0,1503276.0,0.09429717020452359,Empleado,4,Estable,0.5268694282868183,0,No paga a tiempo
5,2026-09-24T20:11:02,28.0,2541434.8206335716,3.0,820.0,3.0,4763083.120439653,1854488.0,551932.0,0.0,0.0,,4092031.0,0.13040531771778985,Empleado,4,Decreciente,0.3037182380079321,1,Paga a tiempo
5,2026-09-24T20:11:02,56.0,4049960.828595833,9.0,879.0,2.0,4734654.738811314,1395367.0,344826.0,6.0,0.0,13998.0,1539030.0,0.08217937797754905,Empleado,7,Decreciente,0.3895436337839234,1,Paga a tiempo
5,2026-09-24T20:11:02,21.0,741862.0538566043,9.0,706.0,5.0,1914098.9645059165,255685.0,101160.0,5.0,0.0,8557.0,1064217.0,0.07530550065472177,Independiente,9,Creciente,0.6331501641217332,0,No paga a tiempo
5,2026-09-24T20:11:02,39.0,1143308.1641521822,8.0,759.0,1.0,3353220.140118475,807768.0,183304.0,7.0,0.0,12893.0,1633816.0,0.07243798527598937,Independiente,9,,0.25745838222667206,1,Paga a tiempo
5,2026-09-24T20:11:02,31.0,4114612.7779593216,23.0,767.0,5.0,5777457.111073577,736134.0,215313.0,2.0,0.0,100799.0,3201194.0,0.037145276090158164,Independiente,6,Creciente,0.3145548922480167,1,Paga a tiempo
5,2026-09-24T20:11:02,29.0,2866356.7170207696,36.0,729.0,4.0,4469376.630961846,2362887.0,118643.0,11.0,0.0,87867.0,,0.025447380858376462,Independiente,68,Creciente,0.23408322682310223,1,Paga a tiempo
5,2026-09-24T20:11:02,52.0,5990872.102113079,6.0,849.0,9.0,22458058.35207279,9986231.0,877461.0,9.0,0.0,419369.0,1125525.0,0.0419891807576525,Empleado,4,Estable,0.441084804251454,1,Paga a tiempo
5,2026-09-24T20:11:02,31.0,750773.9264038623,9.0,711.0,4.0,2372554.20107685,213489.0,72533.0,2.0,0.0,1549.0,1341114.0,0.03165423633400166,Independiente,4,Creciente,0.6468377382872014,0,No paga a tiempo
5,2026-09-24T20:11:02,23.0,705534.4637323944,5.0,720.0,7.0,2029184.4780773018,420075.0,108718.0,3.0,0.0,1579.0,1182322.0,0.07530931653993754,Independiente,9,Creciente,0.48386197456915536,1,Paga a tiempo
5,2026-09-24T20:11:02,40.0,2032418.3365091267,6.0,775.0,3.0,6299585.168336388,2535391.0,318887.0,1.0,0.0,0.0,5376893.0,0.06478217676270441,Empleado,9,,0.39614578864779915,1,Paga a tiempo
5,2026-09-24T20:11:02,59.0,2233196.475670615,8.0,765.0,9.0,4057989.948726036,2061280.0,208903.0,10.0,0.0,164707.0,,0.053239097162491505,Independiente,9,Creciente,0.5088170007634369,0,No paga a tiempo
5,2026-09-24T20:11:02,33.0,1254296.2422063875,10.0,680.0,6.0,2714499.0013730736,606610.0,136363.0,10.0,0.0,48956.0,,0.0470501374632314,Empleado,4,Creciente,0.6623404668224782,0,No paga a tiempo
5,2026-09-24T20:11:02,46.0,2134126.0554935834,18.0,848.0,4.0,3577157.9466136787,759095.0,117491.0,4.0,0.0,78345.0,,0.03462721700131641,Empleado,9,,0.178366606554489,1,Paga a tiempo
5,2026-09-24T20:11:02,42.0,2259027.8600654,24.0,808.0,5.0,3177356.726839225,0.0,112242.0,5.0,0.0,28257.0,1661720.0,0.029050139926332794,Empleado,7,Decreciente,0.629173534925563,0,No paga a tiempo
5,2026-09-24T20:11:02,40.0,3677911.362568429,10.0,795.0,2.0,2631869.564467129,63456.0,318482.0,2.0,0.0,0.0,,0.18777753340081801,Independiente,4,Creciente,0.54510411103834,0,No paga a tiempo
5,2026-09-24T20:11:02,60.0,1734128.3623309925,3.0,674.0,15.0,6013776.237064486,2077725.0,349551.0,10.0,0.0,167460.0,,0.0653293752577862,Empleado,4,Decreciente,0.7267322259318565,0,No paga a tiempo
5,2026-09-24T20:11:02,60.0,1478968.6883315546,5.0,731.0,5.0,3512841.809120827,641374.0,226847.0,9.0,0.0,26669.0,929314.0,0.08156909966718928,Empleado,7,Creciente,0.39285419956421963,1,Paga a tiempo
5,2026-09-24T20:11:02,35.0,942602.9358043625,4.0,735.0,7.0,3850978.36674967,1946096.0,165391.0,2.0,0.0,0.0,1554191.0,0.051023086130767885,Independiente,9,Estable,0.5544423313676607,0,No paga a tiempo
5,2026-09-24T20:11:02,31.0,3406611.3116170615,6.0,757.0,5.0,6898358.67663144,409374.0,470828.0,6.0,0.0,135173.0,2362856.0,0.08790954167753437,Independiente,68,,0.47116529321055933,1,Paga a tiempo
5,2026-09-24T20:11:02,29.0,341843.5607090625,6.0,753.0,2.0,2114774.7760486165,157385.0,83467.0,-0.0,0.0,,1241420.0,0.08559174969553753,Empleado,4,,0.41837618957178047,1,Paga a tiempo
5,2026-09-24T20:11:02,42.0,3554733.0075251125,11.0,854.0,4.0,7961823.784004511,4833081.0,292184.0,3.0,0.0,31024.0,1795661.0,0.04319490541680013,Independiente,4,Creciente,0.40004555138361786,1,Paga a tiempo
5,2026-09-24T20:11:02,24.0,3452094.389010238,12.0,726.0,6.0,2501106.5248869285,311031.0,264863.0,4.0,0.0,6519.0,940913.0,0.15025940991847236,Empleado,68,Creciente,0.558881076235795,0,No paga a tiempo
5,2026-09-24T20:11:02,43.0,6956253.526083797,8.0,786.0,4.0,13060368.367189236,4821326.0,819478.0,4.0,0.0,3390.0,882428.0,0.06820034056756431,Empleado,9,Creciente,0.502078917451164,0,No paga a tiempo
5,2026-09-24T20:11:02,49.0,1228855.0308424446,9.0,765.0,2.0,2353101.7743181246,445271.0,113338.0,1.0,0.0,,,0.04668013760962187,Independiente,4,,0.48241777003045117,1,Paga a tiempo
5,2026-09-24T20:11:02,34.0,3537592.629029371,11.0,823.0,7.0,5057635.038253556,1789404.0,255646.0,7.0,0.0,258224.0,633404.0,0.06692293538123872,Empleado,68,Estable,0.34174367347058165,1,Paga a tiempo
5,2026-09-24T20:11:02,54.0,3264762.7485253997,5.0,828.0,4.0,4162971.383499043,916777.0,448704.0,3.0,0.0,36484.0,2769163.0,0.14619212976442583,Empleado,4,Estable,0.3229911848038055,1,Paga a tiempo
5,2026-09-24T20:11:02,59.0,3468701.40713285,6.0,768.0,4.0,4510109.399019182,1874791.0,479566.0,8.0,0.0,78725.0,,0.15028783049065403,Independiente,68,Estable,0.5500671529530212,0,No paga a tiempo
5,2026-09-24T20:11:02,65.0,3336359.7664256077,11.0,871.0,2.0,2640635.6413133033,593587.0,211081.0,6.0,0.0,58711.0,1898565.0,0.11762740489673904,Empleado,4,Estable,0.17939714061687084,1,Paga a tiempo
5,2026-09-24T20:11:02,32.0,7361735.411626914,37.0,752.0,8.0,3074634.2071395586,875909.0,248104.0,5.0,0.0,8529.0,,0.0914382710753499,Empleado,4,,0.7319904850759849,0,No paga a tiempo
5,2026-09-24T20:11:02,42.0,1632153.7764882394,11.0,836.0,5.0,2400432.2719682725,481208.0,133461.0,7.0,0.0,32289.0,1369285.0,0.10673432926817486,Empleado,6,Decreciente,0.24293872850532927,1,Paga a tiempo
5,2026-09-24T20:11:02,,4885027.144366737,11.0,,0.0,22855782.459961515,21629863.0,420121.0,0.0,,,,0.019050753917058644,Empleado,4,Estable,0.49983445163335993,1,Paga a tiempo
5,2026-09-24T20:11:02,36.0,4176180.8734898637,24.0,811.0,1.0,2924486.0886268937,337735.0,215556.0,3.0,0.0,2381.0,951374.0,0.10125982494762659,Independiente,68,Creciente,0.6330528235147621,0,No paga a tiempo
5,2026-09-24T20:11:02,67.0,1068216.7084579284,11.0,811.0,8.0,2303028.953453812,181030.0,112266.0,6.0,0.0,28368.0,759066.0,0.07927317543303765,Independiente,10,Creciente,0.39911122253937725,1,Paga a tiempo
5,2026-09-24T20:11:02,23.0,3006822.7311722063,11.0,679.0,4.0,2351575.2647374244,0.0,251745.0,6.0,0.0,76469.0,974368.0,0.16217402018280846,Empleado,4,,0.4615535249161158,1,Paga a tiempo
5,2026-09-24T20:11:02,37.0,1450866.617119342,13.0,730.0,3.0,2280172.942944034,629312.0,98311.0,6.0,0.0,1709.0,1789781.0,0.067402139617325,Empleado,4,,0.28816045731949,1,Paga a tiempo
5,2026-09-24T20:11:02,50.0,14408659.805779116,9.0,776.0,7.0,22920923.838932153,12130586.0,1341504.0,13.0,0.0,55840.0,674417.0,0.06674155990908706,Empleado,4,,0.31385781819314496,1,Paga a tiempo
5,2026-09-24T20:11:02,49.0,482579.0844702556,8.0,763.0,2.0,5828047.002968038,533392.0,72115.0,13.0,0.0,293671.0,,0.010566689431665572,Empleado,10,Decreciente,0.152673420472901,1,Paga a tiempo
5,2026-09-24T20:11:02,52.0,2009157.6756424934,8.0,776.0,10.0,5718675.291042666,2373247.0,180424.0,3.0,0.0,55429.0,923311.0,0.04186773794201783,Empleado,4,Decreciente,0.614712829236199,0,No paga a tiempo
5,2026-09-24T20:11:02,30.0,730190.4454271166,6.0,737.0,2.0,3071485.2412467133,728521.0,114645.0,3.0,0.0,6929.0,,0.05811331551220334,Independiente,68,Creciente,0.3763571664801345,1,Paga a tiempo
5,2026-09-24T20:11:02,46.0,646225.8464022812,12.0,747.0,-0.0,1674371.6264782273,426470.0,53699.0,2.0,0.0,0.0,,0.05153912822221309,Independiente,4,Creciente,0.24578832672220874,1,Paga a tiempo
5,2026-09-24T20:11:02,63.0,1543197.2406285189,9.0,767.0,1.0,3334543.9570723996,548549.0,175141.0,9.0,0.0,42974.0,1602323.0,0.05710397573495995,Independiente,9,Estable,0.30307068143909255,1,Paga a tiempo
5,2026-09-24T20:11:02,48.0,890836.8082133913,6.0,770.0,3.0,3666008.826806804,1205363.0,119360.0,4.0,0.0,59403.0,1506071.0,0.04925998476942116,Independiente,6,Decreciente,0.3198034496477934,1,Paga a tiempo
5,2026-09-24T20:11:02,55.0,3860952.995966036,12.0,799.0,5.0,1773505.7021546466,1729480.0,338600.0,9.0,0.0,43871.0,1026323.0,0.3337586968247418,Independiente,9,Estable,0.1637448665891328,1,Paga a tiempo
5,2026-09-24T20:11:02,45.0,2755033.7067454243,6.0,768.0,3.0,2279354.614680475,772025.0,473938.0,3.0,0.0,60504.0,2524821.0,0.27278327593912965,Empleado,4,Creciente,0.28001343684999014,1,Paga a tiempo
5,2026-09-24T20:11:02,57.0,1704871.990087088,5.0,826.0,6.0,3903041.4333224115,916237.0,256966.0,3.0,0.0,12839.0,,0.09533160363832459,Empleado,9,Decreciente,0.35787885319502133,1,Paga a tiempo
5,2026-09-24T20:11:02,36.0,1783336.6393022158,10.0,752.0,7.0,3575963.38895012,359657.0,183615.0,7.0,0.0,90151.0,,0.06706845922059292,Empleado,4,Creciente,0.44583956305087724,1,Paga a tiempo
5,2026-09-24T20:11:02,40.0,3881274.798609706,35.0,715.0,6.0,3168536.8319114684,0.0,134567.0,5.0,0.0,2402.0,944354.0,0.06131146880325289,Independiente,4,Estable,0.8138046396787733,0,No paga a tiempo
5,2026-09-24T20:11:02,47.0,3771855.5389170833,12.0,733.0,6.0,10940740.587761946,3614499.0,242865.0,6.0,0.0,100885.0,1118330.0,0.027519986503895602,Empleado,68,Estable,0.48199860323099486,1,Paga a tiempo
5,2026-09-24T20:11:02,24.0,757003.5727178697,6.0,712.0,2.0,2453684.688226291,757279.0,101651.0,3.0,0.0,2821.0,2299352.0,0.04331480353790049,Independiente,10,Creciente,0.30363796186314773,1,Paga a tiempo
5,2026-09-24T20:11:02,29.0,1871413.2368217171,6.0,702.0,6.0,5403402.215087286,744733.0,244900.0,8.0,0.0,11375.0,3191169.0,0.059178832774740696,Empleado,68,Estable,0.5335444610205539,0,No paga a tiempo
5,2026-09-24T20:11:02,33.0,1099102.6771925013,9.0,760.0,10.0,5519731.086046485,1152721.0,87843.0,6.0,0.0,0.0,,0.00961244322560634,Empleado,68,Estable,0.5679011740899971,0,No paga a tiempo
5,2026-09-24T20:11:02,34.0,3044556.209783755,9.0,794.0,9.0,3229964.4053412545,1545990.0,255231.0,7.0,0.0,182524.0,1878469.0,0.1069066319611476,Empleado,10,Decreciente,0.40851076800402175,1,Paga a tiempo
5,2026-09-24T20:11:02,41.0,1221342.5529655511,12.0,721.0,4.0,3116048.576239753,1156360.0,97628.0,9.0,0.0,6313.0,,0.0381138294591755,Empleado,6,Decreciente,0.38832433596702964,1,Paga a tiempo
5,2026-09-24T20:11:02,50.0,2587295.6520328154,9.0,738.0,2.0,3421766.7343584234,1512720.0,183375.0,9.0,0.0,13228.0,,0.06558603866140855,Empleado,9,Estable,0.31460054140559957,1,Paga a tiempo
5,2026-09-24T20:11:02,36.0,1617103.5182188058,7.0,789.0,8.0,8196395.430438735,2587674.0,248545.0,9.0,0.0,96769.0,8733767.0,0.03460227846924296,Independiente,4,Decreciente,0.42432450590253346,1,Paga a tiempo
5,2026-09-24T20:11:02,40.0,3705326.0925293416,12.0,758.0,3.0,6755139.3717980245,855250.0,262924.0,11.0,0.0,104485.0,6135846.0,0.04462445269385502,Empleado,10,Creciente,0.2813170130795456,1,Paga a tiempo
5,2026-09-24T20:11:02,35.0,2580024.8688231264,24.0,697.0,9.0,3217235.9012394673,651246.0,117063.0,6.0,0.0,0.0,710303.0,0.052008952815958985,Empleado,4,Estable,0.6883627218988562,0,No paga a tiempo
5,2026-09-24T20:11:02,56.0,4403360.140922639,10.0,849.0,3.0,7930037.981371461,1617807.0,415948.0,3.0,0.0,62437.0,,0.06359708341608047,Independiente,7,,0.5605195377577692,0,No paga a tiempo
5,2026-09-24T20:11:02,58.0,613558.7993005464,11.0,786.0,-0.0,3779278.9133165153,1408282.0,90968.0,2.0,0.0,39637.0,,0.017449600940918453,Independiente,9,Creciente,0.1785347018944181,1,Paga a tiempo
5,2026-09-24T20:11:02,30.0,2385873.069712042,13.0,715.0,4.0,3117484.675163107,393551.0,172617.0,4.0,0.0,12774.0,1191415.0,0.06933192909546751,Independiente,4,,0.43954819149105673,1,Paga a tiempo
5,2026-09-24T20:11:02,32.0,828271.3006291931,10.0,640.0,2.0,4457025.097465752,1477374.0,77206.0,9.0,0.0,52473.0,,0.026917489710725273,Empleado,4,Creciente,0.5614327818646987,0,No paga a tiempo
5,2026-09-24T20:11:02,24.0,3702202.7088176725,11.0,686.0,4.0,10989059.53147551,925073.0,244928.0,6.0,0.0,22669.0,772871.0,0.024762710313441825,Empleado,4,Decreciente,0.40711828569143615,1,Paga a tiempo
5,2026-09-24T20:11:02,27.0,1538617.3748987506,6.0,697.0,5.0,1769422.7069843353,643366.0,258215.0,1.0,0.0,11595.0,1162400.0,0.23510451843296298,Independiente,4,Estable,0.5603785921548795,0,No paga a tiempo
5,2026-09-24T20:11:02,28.0,2150029.1554320157,18.0,705.0,6.0,3572061.698976613,1342085.0,114349.0,4.0,0.0,2874.0,1338576.0,0.03349206347035369,Empleado,4,Decreciente,0.5225132160841739,0,No paga a tiempo
5,2026-09-24T20:11:02,50.0,3425791.913587499,12.0,879.0,2.0,5034656.952642383,518301.0,234134.0,4.0,0.0,73157.0,,0.06121234922813561,Empleado,4,Creciente,0.1889183776543919,1,Paga a tiempo
5,2026-09-24T20:11:02,31.0,1452046.0190445124,11.0,701.0,2.0,2962150.155746223,327601.0,143812.0,6.0,0.0,31389.0,,0.0448233410754367,Empleado,6,Creciente,0.4470293722435672,1,Paga a tiempo
5,2026-09-24T20:11:02,39.0,4395599.747057509,36.0,763.0,8.0,4810452.885246052,405796.0,176871.0,11.0,0.0,33337.0,1992529.0,0.03590153939811154,Empleado,4,Decreciente,0.5540006923680331,0,No paga a tiempo
5,2026-09-24T20:11:02,26.0,2026434.5066881124,11.0,772.0,2.0,3054052.081469821,879312.0,167504.0,1.0,0.0,0.0,6630262.0,0.07000967954218308,Independiente,9,Creciente,0.24523486130475836,1,Paga a tiempo
5,2026-09-24T20:11:02,42.0,3199706.866571604,7.0,736.0,5.0,10343011.222272871,4990488.0,462809.0,10.0,0.0,24457.0,1379766.0,0.0429994285085158,Independiente,9,Estable,0.49268416497684986,1,Paga a tiempo
5,2026-09-24T20:11:02,35.0,1696229.3763566804,13.0,772.0,7.0,3977893.6297523216,679354.0,122558.0,6.0,0.0,9396.0,1040866.0,0.042394353327688095,Independiente,68,Creciente,0.31069917318008644,1,Paga a tiempo
5,2026-09-24T20:11:02,60.0,339311.0777835826,6.0,774.0,-0.0,1996986.0633598198,496017.0,50137.0,3.0,0.0,0.0,,0.06467630566520231,Empleado,9,Estable,0.17799650047930293,1,Paga a tiempo
5,2026-09-24T20:11:02,,3601989.511839999,9.0,,0.0,22502309.099220756,9710935.0,325715.0,0.0,,,,0.01962522741012692,Empleado,4,Creciente,0.6015633129679607,0,No paga a tiempo
5,2026-09-24T20:11:02,55.0,1199902.127420375,8.0,725.0,4.0,2623834.290669466,339840.0,110679.0,7.0,0.0,10207.0,,0.0605054084503458,Empleado,9,Estable,0.5577326772289943,0,No paga a tiempo
5,2026-09-24T20:11:02,30.0,8382160.552498707,36.0,718.0,6.0,3921549.695396694,138459.0,319480.0,6.0,0.0,20396.0,1860040.0,0.10636462066153204,Independiente,9,,0.704113836663419,0,No paga a tiempo
5,2026-09-24T20:11:02,29.0,4365208.948676765,18.0,727.0,8.0,4150150.523691661,555394.0,249304.0,5.0,0.0,56146.0,548365.0,0.061583139784748775,Empleado,9,Creciente,0.5587101161594272,0,No paga a tiempo
5,2026-09-24T20:11:02,51.0,1915040.1227317962,12.0,776.0,5.0,3565538.4171110033,1154664.0,145139.0,7.0,0.0,27632.0,,0.05905222506833971,Independiente,9,,0.35199141106874077,1,Paga a tiempo
5,2026-09-24T20:11:02,54.0,1388300.7331518978,9.0,774.0,1.0,5498340.184299074,2001666.0,143563.0,9.0,0.0,166107.0,,0.028442732978055357,Independiente,4,Creciente,0.2801220210068117,1,Paga a tiempo
5,2026-09-24T20:11:02,37.0,1198528.643448186,10.0,804.0,2.0,5209939.591808641,897817.0,60346.0,3.0,0.0,37120.0,4444770.0,0.00951906556670297,Empleado,9,Creciente,0.13083619510592503,1,Paga a tiempo
5,2026-09-24T20:11:02,43.0,770624.9350248369,7.0,823.0,4.0,3660930.4806552287,179756.0,103179.0,4.0,0.0,11826.0,931230.0,0.041306149442690725,Empleado,9,Decreciente,0.19681972111290402,1,Paga a tiempo
5,2026-09-24T20:11:02,67.0,2338473.2711708806,6.0,806.0,3.0,3812808.937135358,1756343.0,368408.0,6.0,0.0,43908.0,1021354.0,0.09816682980685433,Independiente,9,Decreciente,0.38380448601999984,1,Paga a tiempo
5,2026-09-24T20:11:02,28.0,1545560.5576221393,11.0,765.0,3.0,2344585.165543183,239238.0,108270.0,5.0,0.0,3766.0,2010625.0,0.06369903270711659,Empleado,7,Creciente,0.22178753125431627,1,Paga a tiempo
5,2026-09-24T20:11:02,34.0,1550626.4741090818,6.0,684.0,6.0,11109972.935104845,4285021.0,188515.0,8.0,0.0,23276.0,,0.016990405403099172,Independiente,4,Decreciente,0.4556836673644289,1,Paga a tiempo
5,2026-09-24T20:11:02,37.0,724987.9280698311,6.0,764.0,2.0,3127960.419791182,668897.0,118937.0,2.0,0.0,4289.0,,0.06574936105446831,Empleado,4,Creciente,0.19064964861518596,1,Paga a tiempo
5,2026-09-24T20:11:02,38.0,2106327.6678132447,17.0,694.0,10.0,8817197.253120562,883893.0,118525.0,7.0,0.0,137299.0,753255.0,0.013318092281010337,Independiente,6,Creciente,0.5897097405734496,0,No paga a tiempo
5,2026-09-24T20:11:02,21.0,2825498.983267335,11.0,668.0,3.0,2864059.7395643145,958611.0,244083.0,7.0,0.0,9664.0,,0.11476634246507866,Independiente,4,Creciente,0.42287145667477155,1,Paga a tiempo
5,2026-09-24T20:11:02,52.0,2166525.7943731393,9.0,784.0,3.0,5201580.904782843,2332787.0,186627.0,13.0,0.0,0.0,4900472.0,0.04745530306718619,Empleado,9,Creciente,0.26308000215206706,1,Paga a tiempo
5,2026-09-24T20:11:02,25.0,8430157.310260737,36.0,702.0,3.0,3612972.8913726676,433198.0,342769.0,6.0,0.0,17307.0,1184656.0,0.1302962822984267,Independiente,4,,0.767985558012712,0,No paga a tiempo
5,2026-09-24T20:11:02,38.0,7161718.981274002,6.0,735.0,-0.0,16107504.2875914,3010851.0,1100198.0,4.0,0.0,0.0,1956116.0,0.0774537062348324,Independiente,6,Creciente,0.4708124948870016,1,Paga a tiempo
5,2026-09-24T20:11:02,66.0,4332387.547653809,8.0,781.0,4.0,9234845.226118062,2383184.0,467960.0,5.0,0.0,30704.0,1133225.0,0.062232924979319745,Independiente,6,,0.6136855547821632,0,No paga a tiempo
5,2026-09-24T20:11:02,24.0,1524971.0280257494,7.0,713.0,2.0,8619495.588415254,2473917.0,214052.0,3.0,0.0,146799.0,,0.01860675720144111,Empleado,9,Creciente,0.46816005664120397,1,Paga a tiempo
5,2026-09-24T20:11:02,37.0,3158413.340698923,11.0,764.0,10.0,5915852.937096405,1473794.0,323221.0,6.0,0.0,100910.0,1426642.0,0.047365035521940636,Independiente,4,Creciente,0.6131645868551046,0,No paga a tiempo
5,2026-09-24T20:11:02,26.0,946825.247566028,6.0,708.0,3.0,6136279.291773364,493616.0,194400.0,2.0,0.0,4271.0,792311.0,0.03627102582976037,Independiente,4,Decreciente,0.7523567274009778,0,No paga a tiempo
5,2026-09-24T20:11:02,31.0,1571487.0267230636,12.0,766.0,8.0,4109780.4457324767,1591450.0,99985.0,5.0,0.0,34482.0,1944157.0,0.042403512397256114,Empleado,9,,0.3963747427052302,1,Paga a tiempo
5,2026-09-24T20:11:02,24.0,1548794.4819238952,6.0,685.0,7.0,2730318.4710390284,532094.0,225034.0,8.0,0.0,3408.0,854732.0,0.14526073658402336,Independiente,6,Creciente,0.7397595808066776,0,No paga a tiempo
5,2026-09-24T20:11:02,35.0,2111134.1616185694,9.0,803.0,4.0,5844207.245916172,2561952.0,203232.0,4.0,0.0,202402.0,2605451.0,0.037571946131820966,Empleado,9,Creciente,0.4042029765608275,1,Paga a tiempo
5,2026-09-24T20:11:02,67.0,933838.0670795724,6.0,800.0,4.0,3173143.588542279,820933.0,159699.0,3.0,0.0,0.0,1112107.0,0.07258747076487282,Independiente,4,Decreciente,0.3769354148211619,1,Paga a tiempo
5,2026-09-24T20:11:02,46.0,1323099.2630024175,12.0,753.0,4.0,1940557.0307149407,629667.0,59416.0,5.0,0.0,29706.0,1226603.0,0.09995288530489808,Empleado,4,,0.33157919695829896,1,Paga a tiempo
5,2026-09-24T20:11:02,33.0,734107.4361581467,6.0,726.0,1.0,3151466.4433686147,235700.0,72566.0,3.0,0.0,4282.0,1380460.0,0.037887018405457266,Empleado,4,Estable,0.4263367841747736,1,Paga a tiempo
5,2026-09-24T20:11:02,34.0,3185266.903060873,18.0,677.0,5.0,4068467.229677312,314391.0,188497.0,5.0,0.0,29567.0,1920835.0,0.044967836546812044,Empleado,4,,0.4794143839949424,1,Paga a tiempo
5,2026-09-24T20:11:02,30.0,2152804.7313297354,6.0,794.0,2.0,4840954.902424064,2306296.0,284917.0,0.0,0.0,162.0,1025761.0,0.07966822735291999,Empleado,4,Creciente,0.4304149111106472,1,Paga a tiempo
5,2026-09-24T20:11:02,56.0,5291769.460631984,6.0,893.0,3.0,6871518.842920491,3434258.0,725759.0,9.0,0.0,43276.0,6321462.0,0.12458854251388102,Independiente,4,Creciente,0.3468207888418692,1,Paga a tiempo
5,2026-09-24T20:11:02,59.0,2900464.3077550353,12.0,761.0,7.0,4299175.259748701,648184.0,184689.0,21.0,0.0,83721.0,1084849.0,0.05718384211995084,Empleado,4,,0.40315125981116917,1,Paga a tiempo
5,2026-09-24T20:11:02,43.0,8649624.573170053,37.0,760.0,5.0,3818243.739860846,388436.0,322344.0,2.0,0.0,5289.0,1053236.0,0.13369704585412964,Empleado,6,,0.6439591187026643,0,No paga a tiempo
5,2026-09-24T20:11:02,45.0,2231717.8899652483,24.0,710.0,5.0,5261352.204575849,1166445.0,118742.0,2.0,0.0,128395.0,4431746.0,0.018747007766150844,Empleado,9,Estable,0.24186902447576075,1,Paga a tiempo
5,2026-09-24T20:11:02,56.0,5193681.779051553,8.0,747.0,3.0,11002416.18133604,1808227.0,577870.0,2.0,0.0,19035.0,3559772.0,0.04940791533933264,Independiente,4,,0.5760099786625723,0,No paga a tiempo
5,2026-09-24T20:11:02,33.0,1985057.9778788642,13.0,698.0,4.0,4197170.086526192,877964.0,133305.0,6.0,0.0,8751.0,,0.04129084698829323,Empleado,9,,0.5777899454016376,0,No paga a tiempo
5,2026-09-24T20:11:02,42.0,2016620.6136397521,5.0,771.0,3.0,3945452.1736163846,920057.0,282880.0,4.0,0.0,7192.0,,0.10965694004655291,Independiente,4,Decreciente,0.30417741821947275,1,Paga a tiempo
5,2026-09-24T20:11:02,54.0,5927363.484887563,9.0,723.0,4.0,4486605.965023785,1831958.0,510590.0,6.0,0.0,0.0,2101757.0,0.16506920818493828,Independiente,7,Decreciente,0.6405444722650533,0,No paga a tiempo
5,2026-09-24T20:11:02,45.0,1342116.7575500153,7.0,672.0,6.0,2650237.5449523088,350831.0,176532.0,5.0,0.0,12131.0,2503381.0,0.10507527151810159,Independiente,4,Creciente,0.5609741800505634,0,No paga a tiempo
5,2026-09-24T20:11:02,38.0,2761630.4650743958,7.0,782.0,3.0,3791277.1637057266,528680.0,397092.0,8.0,0.0,0.0,993432.0,0.10790501258034689,Independiente,4,Estable,0.3575941198915429,1,Paga a tiempo
5,2026-09-24T20:11:02,26.0,1420541.906104883,24.0,735.0,7.0,2879423.889074683,433410.0,58926.0,6.0,0.0,19739.0,2240656.0,0.03975855579753526,Independiente,6,Decreciente,0.4612985552131327,1,Paga a tiempo
5,2026-09-24T20:11:02,43.0,2716877.951308587,8.0,734.0,5.0,4267167.855245141,193205.0,259565.0,22.0,0.0,17690.0,3205522.0,0.06882555823490213,Independiente,4,Creciente,0.3639353065623493,1,Paga a tiempo
5,2026-09-24T20:11:02,50.0,809974.3748658821,10.0,696.0,4.0,1959986.734374911,747969.0,79424.0,9.0,0.0,37570.0,1795315.0,0.05356419533735042,Independiente,4,Creciente,0.4726250574454278,1,Paga a tiempo
5,2026-09-24T20:11:02,31.0,1172721.8127390074,11.0,827.0,-0.0,4677760.562825964,946907.0,89074.0,8.0,0.0,86706.0,3283879.0,0.01456096911139781,Empleado,10,Creciente,0.06978327876472357,1,Paga a tiempo
5,2026-09-24T20:11:02,33.0,1850888.0363988678,12.0,723.0,6.0,3215178.8186925678,177478.0,112019.0,5.0,0.0,33140.0,2260156.0,0.06882649668264834,Empleado,9,Decreciente,0.5317643388706781,0,No paga a tiempo
5,2026-09-24T20:11:02,60.0,2051135.042524006,5.0,774.0,3.0,2904066.833456188,811007.0,338579.0,8.0,0.0,23957.0,,0.12570322644347323,Empleado,10,Creciente,0.32785357667189596,1,Paga a tiempo
5,2026-09-24T20:11:02,33.0,1118798.7860905984,6.0,754.0,2.0,3734837.7164761247,1289954.0,112172.0,1.0,0.0,0.0,1466994.0,0.029143196780271604,Independiente,4,Decreciente,0.5375733308229091,0,No paga a tiempo
5,2026-09-24T20:11:02,53.0,3016384.4207853954,9.0,832.0,7.0,22569102.92775532,6007147.0,289955.0,18.0,0.0,49087.0,23366669.0,0.012977149845106107,Empleado,6,Creciente,0.21101198450319614,1,Paga a tiempo
5,2026-09-24T20:11:02,53.0,1593392.1940258662,10.0,774.0,2.0,3327622.692527413,1020675.0,127032.0,2.0,0.0,1626.0,1080620.0,0.05970725790391444,Empleado,9,Creciente,0.22507803635855206,1,Paga a tiempo
5,2026-09-24T20:11:02,22.0,4523487.056221701,36.0,736.0,3.0,4601624.970938049,1716899.0,204907.0,4.0,0.0,56455.0,572289.0,0.04836447834245768,Empleado,4,Estable,0.43368255874823425,1,Paga a tiempo
5,2026-09-24T20:11:02,38.0,996181.0502058016,11.0,694.0,9.0,4725203.9337650845,1685352.0,82155.0,9.0,0.0,110749.0,,0.02121365780129013,Independiente,4,,0.4710802602886598,1,Paga a tiempo
5,2026-09-24T20:11:02,58.0,2456040.1397290914,11.0,712.0,19.0,4441953.453443667,3812757.0,223272.0,7.0,0.0,61800.0,1101279.0,0.06093380687729547,Empleado,9,Decreciente,0.3142978914124792,1,Paga a tiempo
5,2026-09-24T20:11:02,35.0,1010960.1316477587,13.0,788.0,2.0,3564571.7285921536,1557168.0,74443.0,5.0,0.0,16346.0,3467759.0,0.029090984172964792,Empleado,4,Estable,0.13579150222498948,1,Paga a tiempo
5,2026-09-24T20:11:02,28.0,2888805.60179252,12.0,747.0,2.0,2038943.1646753433,644076.0,176543.0,1.0,0.0,0.0,1124057.0,0.17737105213176604,Empleado,68,Decreciente,0.3893007915379685,1,Paga a tiempo
5,2026-09-24T20:11:02,46.0,1426934.947131773,12.0,710.0,5.0,6497839.304394533,1213157.0,147147.0,5.0,0.0,30550.0,1353305.0,0.0222211815858826,Empleado,68,Decreciente,0.4670768961538706,1,Paga a tiempo
5,2026-09-24T20:11:02,43.0,3513169.0951338015,6.0,750.0,4.0,2651054.2914351407,341964.0,470739.0,9.0,0.0,10451.0,973974.0,0.23318597824648793,Empleado,10,Estable,0.47197120393643943,1,Paga a tiempo
5,2026-09-24T20:11:02,36.0,1496014.7764886578,6.0,709.0,4.0,2993686.6134770676,518725.0,186797.0,4.0,0.0,3438.0,1056924.0,0.1031743733542726,Independiente,4,Estable,0.5705056708413453,0,No paga a tiempo
5,2026-09-24T20:11:02,64.0,2323563.5019657603,7.0,779.0,1.0,2839690.3698368175,0.0,323488.0,1.0,0.0,,,0.14102369537242965,Independiente,4,,0.6335196668356502,0,No paga a tiempo
5,2026-09-24T20:11:02,,2570620.3299224135,11.0,,1.0,,0.0,237144.0,-0.0,,,,,Empleado,4,Decreciente,0.3838762679613348,1,Paga a tiempo
5,2026-09-24T20:11:02,60.0,2066985.8870809681,10.0,769.0,2.0,2061305.6609152476,324504.0,170723.0,3.0,0.0,0.0,1193135.0,0.1432598783611501,Independiente,68,Decreciente,0.44818249794309517,1,Paga a tiempo
5,2026-09-24T20:11:02,58.0,2561626.241512778,12.0,843.0,6.0,2801087.882829906,768785.0,225332.0,3.0,0.0,13342.0,2006068.0,0.11895205457670616,Empleado,9,Decreciente,0.2481371611919697,1,Paga a tiempo
5,2026-09-24T20:11:02,41.0,8493907.54227244,12.0,760.0,1.0,4761560.272010356,1391435.0,656592.0,4.0,0.0,0.0,951407.0,0.15785016457687015,Independiente,4,Creciente,0.3803802637267846,1,Paga a tiempo
5,2026-09-24T20:11:02,56.0,560539.2804242149,2.0,815.0,2.0,3199963.9577443837,1184631.0,173694.0,8.0,0.0,48651.0,3528039.0,0.08197140349535595,Empleado,4,Creciente,0.1239229021924485,1,Paga a tiempo
5,2026-09-24T20:11:02,38.0,1136822.0094841556,6.0,712.0,5.0,2375224.736806329,693736.0,200043.0,8.0,0.0,10250.0,1549024.0,0.13076190351323005,Empleado,4,Decreciente,0.4946727183556937,1,Paga a tiempo
5,2026-09-24T20:11:02,54.0,1315607.1690829888,7.0,813.0,4.0,22610929.4759647,4085996.0,154879.0,7.0,0.0,36405.0,2755562.0,0.0071356018795777285,Independiente,6,Estable,0.32027382750339584,1,Paga a tiempo
5,2026-09-24T20:11:02,31.0,1840153.552986643,11.0,731.0,4.0,3557719.0787925436,543539.0,155296.0,3.0,0.0,14863.0,602874.0,0.05229431131204556,Independiente,9,Estable,0.6769519478867212,0,No paga a tiempo
5,2026-09-24T20:11:02,34.0,575477.8694552366,7.0,744.0,3.0,7914871.695763447,1859472.0,108333.0,6.0,0.0,14747.0,,0.01056859520234964,Empleado,4,,0.26010860630759114,1,Paga a tiempo
5,2026-09-24T20:11:02,44.0,4075698.8172537303,9.0,837.0,2.0,4174279.2463324293,2248388.0,352248.0,10.0,0.0,33268.0,928743.0,0.1226956853217635,Empleado,10,Decreciente,0.2151386231329797,1,Paga a tiempo
5,2026-09-24T20:11:02,43.0,2452963.39623662,6.0,776.0,6.0,5308520.038481506,1642272.0,348962.0,7.0,0.0,24502.0,6076413.0,0.08187725650268649,Independiente,4,,0.4795111375009038,1,Paga a tiempo
5,2026-09-24T20:11:02,49.0,1403730.3199885301,6.0,810.0,6.0,4691788.184398134,760542.0,177583.0,15.0,0.0,64110.0,826093.0,0.0411027411919497,Independiente,6,Creciente,0.49710857274864984,1,Paga a tiempo
5,2026-09-24T20:11:02,41.0,2356974.9854970896,6.0,698.0,3.0,5483216.855455361,2109517.0,360545.0,4.0,0.0,2112.0,2144327.0,0.07087651057092723,Empleado,10,,0.4843391230308989,1,Paga a tiempo
5,2026-09-24T20:11:02,40.0,3314619.2416746635,12.0,733.0,6.0,3423066.0135563114,1063057.0,267832.0,9.0,0.0,10513.0,166007.0,0.11128358023670852,Independiente,4,,0.5473265073283782,0,No paga a tiempo
5,2026-09-24T20:11:02,49.0,1112627.3914340883,6.0,841.0,3.0,5240479.414350233,1962113.0,172682.0,5.0,0.0,46879.0,956793.0,0.04243523826736117,Empleado,4,,0.17818131470031484,1,Paga a tiempo
5,2026-09-24T20:11:02,29.0,653977.5720146287,5.0,691.0,2.0,3483873.18704195,580485.0,98264.0,4.0,0.0,0.0,,0.03826172238622554,Independiente,68,Decreciente,0.48406551613676496,1,Paga a tiempo
5,2026-09-24T20:11:02,39.0,1759538.6645652722,17.0,793.0,3.0,3604004.323388547,858493.0,127851.0,7.0,0.0,29581.0,2604926.0,0.03718503140041486,Empleado,4,Estable,0.18020632331856534,1,Paga a tiempo
5,2026-09-24T20:11:02,51.0,1866413.3439883895,6.0,789.0,8.0,5953187.777092456,5931559.0,265541.0,9.0,0.0,1356.0,1795999.0,0.04902164323793717,Empleado,7,Creciente,0.4674406584278582,1,Paga a tiempo
5,2026-09-24T20:11:02,31.0,2241543.274909355,9.0,774.0,3.0,3965668.0636402257,1085611.0,218894.0,3.0,0.0,0.0,2556979.0,0.07009823208589813,Independiente,9,Creciente,0.3704535928424457,1,Paga a tiempo
5,2026-09-24T20:11:02,38.0,1046470.8341105308,9.0,741.0,4.0,2143991.7376334937,45233.0,116409.0,3.0,0.0,0.0,1078719.0,0.04756008546414219,Independiente,4,Creciente,0.5097547223390243,0,No paga a tiempo
5,2026-09-24T20:11:02,29.0,2297008.420648726,6.0,785.0,3.0,4185545.2859441354,1775335.0,306490.0,2.0,0.0,21379.0,,0.08367427885543381,Empleado,4,Creciente,0.4891516808912577,1,Paga a tiempo
5,2026-09-24T20:11:02,29.0,3626096.107943238,35.0,729.0,8.0,3676992.980524071,651409.0,142372.0,6.0,0.0,1303.0,2778197.0,0.038171994866092386,Empleado,9,Creciente,0.47727086674960784,1,Paga a tiempo
5,2026-09-24T20:11:02,51.0,1411209.9606033824,9.0,814.0,0.0,1793069.241875405,1011604.0,126759.0,1.0,0.0,9412.0,,0.12707794083537388,Empleado,68,Creciente,0.4535278764183698,1,Paga a tiempo
5,2026-09-24T20:11:02,29.0,1158863.1469133743,5.0,781.0,2.0,2771932.49642978,701333.0,196661.0,1.0,0.0,0.0,1278170.0,0.09521718690633468,Empleado,6,Estable,0.5162381098844016,0,No paga a tiempo
5,2026-09-24T20:11:02,38.0,1398092.205892356,6.0,758.0,2.0,2401044.6772097414,480281.0,206159.0,1.0,0.0,1639.0,817460.0,0.13498436180661005,Independiente,9,Creciente,0.4826490510764968,1,Paga a tiempo
5,2026-09-24T20:11:02,43.0,2495118.2241987954,12.0,813.0,3.0,4564076.141212672,2731022.0,202733.0,3.0,0.0,99174.0,719784.0,0.05781598127670052,Empleado,4,Creciente,0.32916103837596156,1,Paga a tiempo
5,2026-09-24T20:11:02,29.0,653288.0610830671,12.0,697.0,5.0,2876161.7792771314,372165.0,83961.0,6.0,0.0,22746.0,1995247.0,0.02587667978726137,Empleado,4,Creciente,0.30917706180096494,1,Paga a tiempo
5,2026-09-24T20:11:02,26.0,1213150.3150042607,7.0,694.0,7.0,3080884.6750881225,802550.0,156785.0,6.0,0.0,7087.0,1172407.0,0.08518935745144492,Independiente,7,Creciente,0.4950298036623264,1,Paga a tiempo
5,2026-09-24T20:11:02,35.0,1157370.9155935417,11.0,738.0,0.0,4705117.389086446,1295636.0,95567.0,13.0,0.0,252429.0,,0.025844855633291208,Empleado,7,,0.12393249877690737,1,Paga a tiempo
5,2026-09-24T20:11:02,60.0,1553567.7124973147,9.0,,4.0,5448015.4687977545,2029251.0,99954.0,8.0,0.0,29278.0,,0.016354131491495227,Independiente,4,Creciente,0.3806831409871001,1,Paga a tiempo
5,2026-09-24T20:11:02,40.0,3540503.404014095,9.0,771.0,2.0,5625132.796052872,840947.0,311134.0,8.0,0.0,5976.0,1913236.0,0.07636397952953006,Empleado,6,Creciente,0.33581660701813776,1,Paga a tiempo
5,2026-09-24T20:11:02,50.0,1477012.772506788,3.0,768.0,-0.0,3732058.033190587,173964.0,428752.0,4.0,0.0,0.0,3101954.0,0.12851354096150133,Empleado,68,Decreciente,0.2571905510822252,1,Paga a tiempo
5,2026-09-24T20:11:02,38.0,1174797.1024751824,7.0,723.0,9.0,6439841.542658801,1790390.0,112121.0,14.0,0.0,223317.0,983697.0,0.02412070766647391,Independiente,4,Decreciente,0.5474370645575967,0,No paga a tiempo
5,2026-09-24T20:11:02,58.0,2004576.4572729147,12.0,769.0,4.0,2865134.163346372,148326.0,155569.0,8.0,0.0,1813.0,,0.09293860276234307,Independiente,9,Estable,0.37428313120827206,1,Paga a tiempo
5,2026-09-24T20:11:02,55.0,647514.3518409638,6.0,799.0,3.0,6142171.089931116,414496.0,112151.0,5.0,0.0,70635.0,,0.02531777705398709,Empleado,4,Estable,0.2698694960340251,1,Paga a tiempo
5,2026-09-24T20:11:02,51.0,3184468.3007138227,17.0,813.0,3.0,3292496.941640858,672957.0,146175.0,6.0,0.0,22810.0,2440558.0,0.053769468095514826,Empleado,4,Decreciente,0.19854257587246382,1,Paga a tiempo
5,2026-09-24T20:11:02,30.0,5544584.9389510285,5.0,790.0,4.0,5547229.9225845905,922234.0,930344.0,7.0,0.0,0.0,12123803.0,0.1720713545265721,Independiente,4,,0.48446499823206535,1,Paga a tiempo
5,2026-09-24T20:11:02,45.0,1628256.5079835388,5.0,697.0,6.0,5346720.32784893,2083128.0,279101.0,12.0,0.0,73926.0,1204044.0,0.05195220540599837,Empleado,10,,0.58102066391817,0,No paga a tiempo
5,2026-09-24T20:11:02,36.0,717867.4934910822,7.0,848.0,6.0,5202633.81775521,0.0,96975.0,3.0,0.0,397.0,1453238.0,0.017548506570567144,Independiente,4,,0.3463467194066707,1,Paga a tiempo
5,2026-09-24T20:11:02,53.0,212050.2093257535,4.0,732.0,2.0,1938116.2808895255,278793.0,97259.0,2.0,0.0,2367.0,943692.0,0.07166906285631114,Empleado,4,Creciente,0.19531198033698816,1,Paga a tiempo
5,2026-09-24T20:11:02,25.0,1877011.5175106472,12.0,679.0,7.0,2567543.3042447567,633948.0,88912.0,4.0,0.0,88248.0,1028204.0,0.052204474117649155,Independiente,9,,0.5316585001595351,0,No paga a tiempo
5,2026-09-24T20:11:02,65.0,5309000.9021108,24.0,813.0,5.0,5723297.185884994,1755504.0,231800.0,5.0,0.0,23891.0,,0.04158566285889301,Empleado,9,Creciente,0.5505289362813495,0,No paga a tiempo
5,2026-09-24T20:11:02,62.0,7378822.299374472,17.0,788.0,7.0,3601341.7486163215,300896.0,435511.0,9.0,0.0,9045.0,947378.0,0.13109405099236857,Independiente,9,,0.5761610067395385,0,No paga a tiempo
5,2026-09-24T20:11:02,23.0,1398182.0817682405,24.0,683.0,7.0,2266620.2379496912,65566.0,86646.0,2.0,0.0,2390.0,1348333.0,0.058382402014814413,Empleado,6,Estable,0.8776966400883786,0,No paga a tiempo
5,2026-09-24T20:11:02,46.0,955770.9020929901,6.0,809.0,1.0,3065723.8211690895,774134.0,116475.0,4.0,0.0,5702.0,1518800.0,0.0564214425375199,Independiente,4,Creciente,0.26718600660802383,1,Paga a tiempo
5,2026-09-24T20:11:02,,5204212.246588923,5.0,,-0.0,,15233393.0,903017.0,1.0,,,,,Empleado,4,Creciente,0.3679363003136794,1,Paga a tiempo
5,2026-09-24T20:11:02,40.0,901301.1011641728,9.0,758.0,3.0,3302467.241971181,661852.0,104188.0,8.0,0.0,7146.0,1023405.0,0.03838034702643721,Empleado,7,Creciente,0.22688515199200576,1,Paga a tiempo
5,2026-09-24T20:11:02,51.0,2797765.612942553,9.0,877.0,1.0,3776258.2452205364,1597592.0,279237.0,3.0,0.0,43870.0,,0.0774176387379225,Independiente,4,Creciente,0.24633225701482853,1,Paga a tiempo
5,2026-09-24T20:11:02,53.0,668819.2794976656,2.0,758.0,6.0,6113963.370015387,2262647.0,338767.0,8.0,0.0,98632.0,,0.06842512924201827,Empleado,4,Creciente,0.4347369916166136,1,Paga a tiempo
5,2026-09-24T20:11:02,36.0,4184496.568867283,36.0,737.0,9.0,2815597.6446682466,259846.0,146451.0,2.0,0.0,0.0,1177287.0,0.060287434074194644,Empleado,10,,0.6761904767661849,0,No paga a tiempo
5,2026-09-24T20:11:02,35.0,1375815.5637953929,11.0,702.0,3.0,3105521.113109152,173141.0,110799.0,3.0,0.0,7162.0,1559025.0,0.052687274890550216,Empleado,4,Decreciente,0.4632829040675379,1,Paga a tiempo
5,2026-09-24T20:11:02,42.0,1535069.0736156392,12.0,795.0,6.0,2902713.041493766,353351.0,118942.0,3.0,0.0,4253.0,0.0,0.060234593789078916,Empleado,4,,0.46092879701310996,1,Paga a tiempo
5,2026-09-24T20:11:02,39.0,1733085.0682562143,6.0,788.0,7.0,4948277.634251653,1776877.0,249470.0,9.0,0.0,63368.0,6223664.0,0.05464044502199446,Independiente,4,Estable,0.38514551110754525,1,Paga a tiempo
5,2026-09-24T20:11:02,35.0,560783.1864461848,6.0,704.0,5.0,8653007.400074914,1215116.0,103619.0,7.0,0.0,8310.0,7654621.0,0.010861840371874008,Empleado,9,Decreciente,0.24970876230958672,1,Paga a tiempo
5,2026-09-24T20:11:02,36.0,3318339.728821077,5.0,755.0,11.0,,80094966.0,462287.0,18.0,0.0,440904.0,6954022.0,,Empleado,4,Decreciente,0.6531253826371564,0,No paga a tiempo
5,2026-09-24T20:11:02,42.0,3007768.3499025586,13.0,687.0,8.0,6871158.438659001,2001036.0,233970.0,7.0,0.0,11149.0,6139808.0,0.041410699778139624,Empleado,6,Decreciente,0.5463187576824771,0,No paga a tiempo
5,2026-09-24T20:11:02,57.0,1395247.8555975396,5.0,748.0,4.0,4514715.377611574,2016472.0,174437.0,2.0,0.0,7358.0,,0.06612162333908653,Empleado,68,Creciente,0.4916564058867138,1,Paga a tiempo
5,2026-09-24T20:11:02,53.0,1580020.1075118654,11.0,798.0,2.0,2361406.918894407,836687.0,124660.0,8.0,0.0,26184.0,1431021.0,0.0871076712386977,Empleado,4,,0.16781483768782735,1,Paga a tiempo
5,2026-09-24T20:11:02,64.0,4243902.831089327,11.0,793.0,3.0,2800356.011587507,549859.0,281796.0,1.0,0.0,28991.0,1780598.0,0.1515661792003949,Empleado,4,Creciente,0.5480764630563659,0,No paga a tiempo
5,2026-09-24T20:11:02,46.0,2827583.0475961487,5.0,838.0,10.0,5070492.612444579,1121022.0,458482.0,8.0,0.0,39563.0,1300476.0,0.10636362475018316,Empleado,68,Creciente,0.3633474022614941,1,Paga a tiempo
5,2026-09-24T20:11:02,57.0,1276339.960999147,6.0,822.0,0.0,3033211.8337186263,1061209.0,187654.0,5.0,0.0,0.0,956193.0,0.07431225511014036,Empleado,9,,0.19373252419971743,1,Paga a tiempo
5,2026-09-24T20:11:02,60.0,1832195.115016435,11.0,855.0,3.0,4895779.384384817,1666443.0,130602.0,6.0,0.0,0.0,876883.0,0.03166983689012492,Empleado,9,Decreciente,0.3321458274761996,1,Paga a tiempo
5,2026-09-24T20:11:02,34.0,1007646.3900182551,2.0,706.0,14.0,5045433.908238149,2136179.0,344314.0,9.0,0.0,0.0,,0.06862418339630186,Independiente,9,Estable,0.7875877272663425,0,No paga a tiempo
5,2026-09-24T20:11:02,56.0,8682953.685892953,35.0,796.0,6.0,4988151.227343997,504202.0,256075.0,3.0,0.0,298.0,1871786.0,0.0741316375655841,Independiente,10,Decreciente,0.28908488681107347,1,Paga a tiempo
5,2026-09-24T20:11:02,35.0,2076769.8944859032,9.0,737.0,4.0,2215284.569836518,44584.0,173758.0,2.0,0.0,1934.0,,0.15172085059643356,Empleado,4,,0.5637035153054,0,No paga a tiempo
5,2026-09-24T20:11:02,48.0,1934432.0510435915,10.0,755.0,2.0,3810630.540026789,1450344.0,193848.0,4.0,0.0,2639.0,,0.05737799955417769,Independiente,9,Estable,0.2871085197053519,1,Paga a tiempo
5,2026-09-24T20:11:02,32.0,2857268.666370718,18.0,805.0,2.0,3980872.541726586,2414790.0,150513.0,7.0,0.0,68355.0,3598401.0,0.05012077238853701,Empleado,4,,0.166170991826181,1,Paga a tiempo
5,2026-09-24T20:11:02,53.0,906474.393876303,10.0,793.0,4.0,5544224.11744361,1403648.0,94939.0,10.0,0.0,460703.0,821989.0,0.010513741810484978,Independiente,10,Estable,0.5406042418498855,0,No paga a tiempo
5,2026-09-24T20:11:02,31.0,3280639.3376960885,6.0,687.0,9.0,6011351.210149789,1050847.0,492283.0,7.0,0.0,350.0,637978.0,0.10018347690233133,Independiente,9,Decreciente,0.8209219933578471,0,No paga a tiempo
5,2026-09-24T20:11:02,49.0,1781410.7014284155,9.0,795.0,2.0,6126059.540105416,3021804.0,182373.0,17.0,0.0,79884.0,9429672.0,0.03363564912794564,Independiente,7,Creciente,0.3480521235398585,1,Paga a tiempo
5,2026-09-24T20:11:02,39.0,1089556.1679698515,6.0,801.0,4.0,3815478.7411002736,292788.0,205386.0,5.0,0.0,3287.0,808738.0,0.06335957781721988,Empleado,9,Estable,0.4408681976565795,1,Paga a tiempo
5,2026-09-24T20:11:02,55.0,3665172.04377122,7.0,747.0,5.0,10775596.00564788,2778806.0,522765.0,6.0,0.0,8953.0,436011.0,0.05797392325340639,Empleado,9,Estable,0.7032491884548266,0,No paga a tiempo
5,2026-09-24T20:11:02,33.0,3543920.8546717856,12.0,742.0,6.0,3324941.158209253,746814.0,247306.0,0.0,0.0,6614.0,1065997.0,0.08673626261749874,Empleado,9,,0.5253741588376777,0,No paga a tiempo
5,2026-09-24T20:11:02,29.0,3277723.348075645,13.0,764.0,1.0,3225306.0369176785,2032593.0,228658.0,7.0,0.0,6199.0,331714.0,0.09725429320626411,Independiente,4,Decreciente,0.34767411849416263,1,Paga a tiempo
5,2026-09-24T20:11:02,32.0,492355.20142316463,5.0,694.0,4.0,2296579.7438851926,319367.0,92778.0,1.0,0.0,0.0,924030.0,0.04636414081299403,Empleado,4,,0.6721378734987553,0,No paga a tiempo
5,2026-09-24T20:11:02,48.0,2667732.4728959063,12.0,825.0,11.0,16262818.39173196,4923934.0,220136.0,13.0,0.0,326478.0,15001130.0,0.009120602615055205,Empleado,9,Estable,0.06265348746833421,1,Paga a tiempo
